Time (s),Noisy Signal,Clean Signal
0.0,0.2189345088953361,0.0
0.001,0.475397462791407,0.0314107590781283
0.002,0.1588422925690569,0.06279051952931337
0.003,0.016720408937441533,0.09410831331851433
0.004,0.08464477321832178,0.12533323356430426
0.005,1.4903684504158476,0.15643446504023087
0.006,-0.14437572784690983,0.18738131458572466
0.007,0.5847539323716363,0.2181432413965426
0.008,-0.1255985596806457,0.24868988716485485
0.009000000000000001,-0.04278499056646984,0.2789911060392293
0.01,0.1543268934543348,0.30901699437494745
0.011,0.34794459898903685,0.3387379202452914
0.012,1.358815018247334,0.36812455268467803
0.013000000000000001,0.5305958730002946,0.3971478906347806
0.014,1.3842527146880892,0.42577929156507266
0.015,0.5619106467725283,0.45399049973954675
0.016,-0.7114264857295887,0.48175367410171527
0.017,0.8305910338952448,0.5090414157503713
0.018000000000000002,0.3394657715952488,0.5358267949789965
0.019,1.1498769675561487,0.5620833778521305
0.02,-0.4170165452999891,0.587785252292473
0.021,0.2993505037385316,0.6129070536529765
0.022,0.8259282036232383,0.6374239897486896
0.023,1.294183348617113,0.6613118653236518
0.024,0.2771900909708192,0.6845471059286887
0.025,0.4877165306543452,0.7071067811865476
0.026000000000000002,1.1395105399468546,0.7289686274214117
0.027,0.7319714888447061,0.7501110696304596
0.028,0.685826314332038,0.7705132427757894
0.029,0.9607499505457544,0.7901550123756905
0.03,1.003527367411733,0.8090169943749475
0.031,0.7567066184019827,0.8270805742745619
0.032,0.37752106351386705,0.8443279255020151
0.033,1.0854588499069378,0.8607420270039436
0.034,1.490270877627392,0.8763066800438636
0.035,0.4173209061326004,0.8910065241883677
0.036000000000000004,0.5421048898992248,0.9048270524660195
0.037,0.9430762374587098,0.917754625683981
0.038,1.1549741005373446,0.9297764858882513
0.039,1.2360321573960347,0.9408807689542255
0.04,1.3927183302496071,0.9510565162951536
0.041,0.8326584878912594,0.9602936856769432
0.042,0.44126911203321484,0.9685831611286313
0.043000000000000003,1.0402562675527698,0.9759167619387475
0.044,0.3686803137585556,0.9822872507286887
0.045,0.6188622533882524,0.9876883405951377
0.046,0.6595843571214155,0.9921147013144777
0.047,0.6412628826215295,0.9955619646030799
0.048,1.0616739080161446,0.9980267284282717
0.049,0.40868765686249997,0.9995065603657317
0.05,1.6831362366239346,1.0
0.051000000000000004,1.2928278661562538,0.9995065603657317
0.052000000000000005,1.579731356303109,0.9980267284282717
0.053,1.271886435686781,0.9955619646030799
0.054,1.169074280696308,0.9921147013144777
0.055,0.7376986803330181,0.9876883405951377
0.056,0.7094996045341107,0.9822872507286887
0.057,1.1433907497727966,0.9759167619387475
0.058,0.6953987648315078,0.9685831611286313
0.059000000000000004,1.290158980539165,0.9602936856769432
0.06,0.6813008407152898,0.9510565162951538
0.061,1.6784641191749141,0.9408807689542256
0.062,0.6275194653773246,0.9297764858882515
0.063,0.5012746388495548,0.9177546256839811
0.064,1.0960492767777508,0.9048270524660195
0.065,1.4032874528370463,0.8910065241883678
0.066,-0.10240963624436483,0.8763066800438635
0.067,0.049196828564537554,0.8607420270039436
0.068,0.5220292733871332,0.844327925502015
0.069,1.7357584030457134,0.8270805742745618
0.07,0.6230345377386565,0.8090169943749476
0.07100000000000001,0.9843610916247719,0.7901550123756903
0.07200000000000001,1.4172039509264995,0.7705132427757894
0.073,0.49587760515173224,0.7501110696304597
0.074,1.140168886611519,0.7289686274214119
0.075,1.3093936441487128,0.7071067811865477
0.076,0.8005431485134874,0.6845471059286888
0.077,0.4387885752284734,0.6613118653236518
0.078,0.060360643822116034,0.6374239897486897
0.079,1.129891185216552,0.6129070536529764
0.08,0.3967248899795809,0.5877852522924731
0.081,1.3263622192798001,0.5620833778521304
0.082,0.6447616429617423,0.5358267949789965
0.083,0.06285831015370219,0.509041415750371
0.084,0.5416891276870329,0.48175367410171516
0.085,-0.7622084868051345,0.45399049973954686
0.08600000000000001,1.2080137871253158,0.4257792915650725
0.08700000000000001,0.8254041136441044,0.3971478906347806
0.088,0.15993806314359174,0.36812455268467814
0.089,-0.040707807038258215,0.33873792024529176
0.09,-0.8425912151446847,0.30901699437494756
0.091,-0.3173835577494198,0.27899110603922955
0.092,0.32853021538988264,0.24868988716485485
0.093,-0.18023603779749528,0.21814324139654276
0.094,0.6970286540844365,0.18738131458572457
0.095,0.1915321913557857,0.15643446504023098
0.096,1.3210018337412168,0.1253332335643041
0.097,0.17692004594926813,0.09410831331851435
0.098,0.27940344790059224,0.06279051952931358
0.099,0.32762355907211094,0.03141075907812824
0.1,0.6904370372903516,1.2246467991473532e-16
0.101,-0.46431844836008507,-0.03141075907812844
0.10200000000000001,-0.22714118336757066,-0.06279051952931333
0.10300000000000001,0.9843332236666884,-0.09410831331851455
0.10400000000000001,-1.0778923709815205,-0.1253332335643043
0.105,0.2939017959870066,-0.15643446504023076
0.106,-0.35917754678518143,-0.18738131458572435
0.107,-1.0182394369408219,-0.21814324139654256
0.108,0.33671905754878406,-0.24868988716485463
0.109,-0.27922843369714756,-0.27899110603922933
0.11,-0.14279077165408063,-0.30901699437494734
0.111,-0.853285493582131,-0.33873792024529153
0.112,-0.5540067836602866,-0.368124552684678
0.113,-0.4661846080750589,-0.39714789063478045
0.114,-1.1563366469592973,-0.4257792915650727
0.115,-0.23731840936088608,-0.45399049973954664
0.116,-0.8568656669577988,-0.4817536741017154
0.117,-0.6640217684990694,-0.5090414157503712
0.11800000000000001,-0.6305337102562292,-0.5358267949789968
0.11900000000000001,0.058190798802856714,-0.5620833778521306
0.12,-0.8212965999757071,-0.5877852522924729
0.121,-0.5973116538216307,-0.6129070536529762
0.122,-0.5272927238621847,-0.6374239897486896
0.123,-0.0006317960401698297,-0.6613118653236517
0.124,-0.32385429938427995,-0.6845471059286887
0.125,-0.7215800747924573,-0.7071067811865475
0.126,-0.6870073633584856,-0.7289686274214114
0.127,-1.073523510555626,-0.7501110696304596
0.128,-0.6984200621423118,-0.7705132427757895
0.129,-0.35346809344153285,-0.7901550123756905
0.13,-0.3988477886643259,-0.8090169943749475
0.131,-1.6006690420529028,-0.8270805742745617
0.132,-1.275766811608943,-0.8443279255020153
0.133,-1.1052366792892494,-0.8607420270039436
0.134,-1.4646358420966115,-0.8763066800438635
0.135,-0.31049154813559043,-0.8910065241883676
0.136,-1.1201994496571537,-0.9048270524660196
0.137,-0.9809333205889531,-0.9177546256839811
0.138,-1.2344686245931067,-0.9297764858882515
0.139,0.09276271750278842,-0.9408807689542255
0.14,-1.02672012100947,-0.9510565162951535
0.14100000000000001,-1.7954006079959601,-0.9602936856769433
0.14200000000000002,-2.228102401382982,-0.9685831611286313
0.14300000000000002,-1.2979715972799488,-0.9759167619387475
0.14400000000000002,-0.27092737725615645,-0.9822872507286887
0.145,-1.5400046217708847,-0.9876883405951375
0.146,-0.2051925799625537,-0.9921147013144777
0.147,-1.629698191874919,-0.9955619646030798
0.148,-0.9786106809053284,-0.9980267284282717
0.149,-1.6173287082708039,-0.9995065603657317
0.15,-1.0325312344638067,-1.0
0.151,-0.5361445353140653,-0.9995065603657317
0.152,-1.9055155713515086,-0.9980267284282717
0.153,-0.8385053763869451,-0.99556196460308
0.154,-1.1303837235402292,-0.9921147013144777
0.155,-1.5235085334262979,-0.9876883405951377
0.156,0.0696080495360627,-0.9822872507286888
0.157,-1.119934184665718,-0.9759167619387477
0.158,-0.9266973695439173,-0.9685831611286312
0.159,-1.5710773617486793,-0.9602936856769432
0.16,-0.21758054059465304,-0.9510565162951538
0.161,-1.2573143941713731,-0.9408807689542256
0.162,-1.5479062019720629,-0.9297764858882512
0.163,-1.182300266462911,-0.917754625683981
0.164,-0.009414772913216574,-0.9048270524660195
0.165,-0.884626486096505,-0.8910065241883678
0.166,0.334984270157338,-0.8763066800438633
0.167,0.13217430804161157,-0.8607420270039434
0.168,-0.3717548712966264,-0.844327925502015
0.169,-1.160539015542948,-0.8270805742745619
0.17,-0.9877320337248006,-0.8090169943749477
0.171,-0.09626852290202981,-0.7901550123756902
0.17200000000000001,-0.5612409670773406,-0.7705132427757891
0.17300000000000001,-2.111807513749679,-0.7501110696304596
0.17400000000000002,-0.9378258873200298,-0.7289686274214117
0.17500000000000002,-1.6379423003778006,-0.7071067811865471
0.176,-0.9026124835431112,-0.684547105928689
0.177,-0.9936991349955326,-0.6613118653236523
0.178,-1.7309109914181477,-0.6374239897486902
0.179,0.468318392777752,-0.6129070536529765
0.18,-0.6781147175722376,-0.5877852522924732
0.181,0.5700862664798665,-0.5620833778521308
0.182,-1.6052011247901445,-0.535826794978997
0.183,0.24633131805590147,-0.5090414157503719
0.184,-1.3314008576709637,-0.48175367410171527
0.185,-0.568047836527448,-0.45399049973954697
0.186,-1.007968221027706,-0.425779291565073
0.187,0.05115927791650149,-0.3971478906347812
0.188,-0.5297540549265165,-0.36812455268467786
0.189,-1.1993260306887121,-0.3387379202452915
0.19,-0.8726795790875584,-0.3090169943749477
0.191,-0.3996540077494505,-0.27899110603922966
0.192,-1.2700732017285725,-0.24868988716485452
0.193,-0.03866946138481428,-0.21814324139654248
0.194,0.4698429832592409,-0.1873813145857247
0.195,-1.4038065384310823,-0.15643446504023112
0.196,0.5568054233954522,-0.12533323356430467
0.197,-0.2562099552450016,-0.09410831331851403
0.198,-0.6556057286178691,-0.06279051952931326
0.199,-0.3279078332561783,-0.03141075907812836
0.2,0.551813800604951,-2.4492935982947064e-16
0.201,-0.6250499086948499,0.03141075907812876
0.202,-0.219731285231484,0.06279051952931365
0.203,0.1794714959578162,0.09410831331851442
0.20400000000000001,1.0099965919921405,0.12533323356430418
0.20500000000000002,-0.6571320821706959,0.1564344650402315
0.20600000000000002,0.2890354704561029,0.1873813145857251
0.20700000000000002,0.03882121808375846,0.21814324139654284
0.20800000000000002,0.5812578099000937,0.24868988716485493
0.209,-0.10631820097785877,0.2789911060392284
0.21,0.30799286707222806,0.30901699437494723
0.211,-0.14227382391936472,0.33873792024529104
0.212,-0.13233860610997233,0.3681245526846774
0.213,0.700978059395621,0.3971478906347799
0.214,0.6451383053214732,0.4257792915650726
0.215,0.6301743009800995,0.4539904997395466
0.216,1.047380360943822,0.4817536741017149
0.217,-0.12958223647658917,0.5090414157503708
0.218,0.6427083396837414,0.5358267949789967
0.219,1.0751148626109284,0.5620833778521305
0.22,1.122490976099521,0.5877852522924728
0.221,1.4301033273862187,0.612907053652976
0.222,0.9246637654128298,0.6374239897486899
0.223,-0.0392760039112382,0.6613118653236519
0.224,0.7213787014201546,0.6845471059286886
0.225,1.46822940170016,0.7071067811865474
0.226,0.9327794731608685,0.7289686274214113
0.227,-0.05629632825053732,0.7501110696304598
0.228,0.8563740423867034,0.7705132427757894
0.229,1.5831408977897445,0.7901550123756904
0.23,1.2378243419039152,0.8090169943749473
0.231,-0.7522853542422883,0.8270805742745622
0.232,0.24749447635035793,0.8443279255020153
0.233,0.617793870913299,0.8607420270039436
0.234,0.06219006879099431,0.8763066800438635
0.23500000000000001,1.453600925143777,0.891006524188368
0.23600000000000002,-0.1432822212049365,0.9048270524660196
0.23700000000000002,1.034033836445513,0.9177546256839811
0.23800000000000002,0.3619772335331166,0.9297764858882515
0.23900000000000002,1.0688494208743893,0.9408807689542255
0.24,0.8637349380389142,0.9510565162951535
0.241,2.1214741555324244,0.9602936856769431
0.242,1.6465152315536524,0.9685831611286312
0.243,1.4447628818420548,0.9759167619387473
0.244,0.9368272456295107,0.9822872507286887
0.245,0.6826775744665117,0.9876883405951375
0.246,0.7307261324427612,0.9921147013144777
0.247,0.7877683124823104,0.9955619646030798
0.248,1.2045844604783098,0.9980267284282717
0.249,0.9491736130870821,0.9995065603657317
0.25,1.0461257317796124,0.9999999999999999
0.251,0.7891953582441628,0.9995065603657318
0.252,1.3820494968597492,0.9980267284282717
0.253,0.6202562650187613,0.9955619646030799
0.254,1.212435507870566,0.9921147013144777
0.255,1.2825586781890361,0.9876883405951375
0.256,0.7308596374795134,0.9822872507286886
0.257,0.17809046608518608,0.9759167619387475
0.258,1.058695544474814,0.9685831611286313
0.259,0.3007950763256504,0.9602936856769433
0.26,1.5534410124455893,0.9510565162951538
0.261,1.6876471564927402,0.9408807689542257
0.262,0.5277824742971187,0.9297764858882516
0.263,1.2148320522123646,0.9177546256839807
0.264,0.552907702199807,0.9048270524660191
0.265,0.3049759791765958,0.8910065241883676
0.266,1.1445466396812105,0.8763066800438634
0.267,0.7791996521465246,0.8607420270039435
0.268,-0.06754309763907562,0.8443279255020151
0.269,0.8498178631677636,0.8270805742745619
0.27,0.5926538431164217,0.8090169943749477
0.271,0.9651381163053769,0.7901550123756907
0.272,1.0265912961497248,0.7705132427757886
0.273,0.5676413220470764,0.750111069630459
0.274,0.7692971809612267,0.7289686274214111
0.275,0.6385514367705611,0.7071067811865471
0.276,0.6302009631038745,0.6845471059286884
0.277,1.487020902051349,0.6613118653236517
0.278,0.7363597687078813,0.6374239897486896
0.279,0.09546874864989818,0.6129070536529765
0.28,1.134564594758673,0.5877852522924732
0.281,0.2584272215525019,0.5620833778521295
0.28200000000000003,0.03558839284153714,0.5358267949789955
0.28300000000000003,0.5863429445713313,0.5090414157503704
0.28400000000000003,0.6493935511767083,0.4817536741017146
0.28500000000000003,1.5692302358196006,0.4539904997395463
0.28600000000000003,1.0093650623376245,0.4257792915650723
0.28700000000000003,0.6817730295413434,0.3971478906347805
0.28800000000000003,0.5758463061800935,0.36812455268467803
0.289,0.13470992473472798,0.3387379202452916
0.29,0.28699706982515477,0.30901699437494784
0.291,0.8150716855516768,0.27899110603922983
0.292,-0.19412998372941806,0.24868988716485554
0.293,0.026835821416330757,0.21814324139654345
0.294,-0.24763974167378539,0.1873813145857257
0.295,-0.49446450920140667,0.15643446504023212
0.296,0.3566889291946457,0.12533323356430567
0.297,0.8330482676689734,0.09410831331851592
0.298,0.14640136648166557,0.06279051952931337
0.299,0.1445969004195639,0.031410759078128486
0.3,-0.4425376999810287,3.6739403974420594e-16
0.301,0.025912843043667325,-0.03141075907812775
0.302,0.6350565773198568,-0.06279051952931267
0.303,0.13044066604271215,-0.09410831331851342
0.304,-0.7923507376585079,-0.12533323356430318
0.305,-0.3434604334511841,-0.15643446504022965
0.306,0.2369966739003815,-0.18738131458572324
0.307,-0.3933380946394196,-0.21814324139654273
0.308,-0.09468631529766744,-0.2486898871648548
0.309,-0.307053344043439,-0.2789911060392291
0.31,0.18258573515892074,-0.30901699437494706
0.311,-0.1289781220278501,-0.33873792024529087
0.312,-0.47059443259026934,-0.3681245526846773
0.313,-0.49807193014957635,-0.3971478906347798
0.314,-1.275091309761184,-0.42577929156507166
0.315,-0.7680418077923994,-0.4539904997395472
0.316,-0.8167380736745833,-0.48175367410171555
0.317,-0.24975538720327645,-0.5090414157503714
0.318,-1.3461922918055809,-0.5358267949789965
0.319,-0.435903371336234,-0.5620833778521304
0.32,-0.5230259076983901,-0.5877852522924728
0.321,-0.5056798313940152,-0.612907053652976
0.322,-0.6098316012133876,-0.6374239897486891
0.323,-0.6439918135736207,-0.6613118653236512
0.324,-1.0301991855482073,-0.6845471059286892
0.325,-0.3263507067013752,-0.7071067811865479
0.326,-0.3637663106366166,-0.7289686274214119
0.327,-1.1226652847374212,-0.7501110696304597
0.328,-0.38161083095457193,-0.7705132427757894
0.329,-1.0575625526455974,-0.7901550123756903
0.33,-1.5051797876509003,-0.8090169943749473
0.331,-0.6007855223261523,-0.8270805742745616
0.332,-1.5077597639072742,-0.8443279255020156
0.333,-0.7465049408366218,-0.860742027003944
0.334,-0.8149102390036567,-0.8763066800438638
0.335,-0.8403530498272129,-0.8910065241883679
0.336,-0.40629636314199297,-0.9048270524660195
0.337,-1.2620762599205317,-0.917754625683981
0.338,-0.7638744212713152,-0.9297764858882513
0.339,-0.5574657096802429,-0.9408807689542255
0.34,-1.037047633871566,-0.9510565162951535
0.341,-1.12779306865816,-0.9602936856769435
0.342,-0.719931077965052,-0.9685831611286315
0.343,-0.8803596663473199,-0.9759167619387478
0.34400000000000003,-1.1366362904017817,-0.9822872507286888
0.34500000000000003,-0.37000062582547577,-0.9876883405951378
0.34600000000000003,-0.21635218035580506,-0.9921147013144777
0.34700000000000003,-1.008441886164863,-0.9955619646030799
0.34800000000000003,-0.5017696340353154,-0.9980267284282716
0.34900000000000003,-1.0453069559751018,-0.9995065603657317
0.35000000000000003,-1.2184824813700708,-0.9999999999999999
0.35100000000000003,-1.4711949366919495,-0.9995065603657317
0.352,-1.8452642427835277,-0.9980267284282717
0.353,-0.35829646979225904,-0.99556196460308
0.354,-0.8511814162408595,-0.9921147013144778
0.355,-0.6569595968273505,-0.9876883405951379
0.356,-1.6322094005288168,-0.982287250728689
0.357,-0.7459731025042016,-0.9759167619387479
0.358,-0.1755182501761613,-0.9685831611286313
0.359,-0.10769298731837063,-0.9602936856769433
0.36,-1.7998901562603866,-0.9510565162951538
0.361,-0.33707603224978433,-0.9408807689542257
0.362,-0.9493452699659989,-0.9297764858882516
0.363,-1.3983726154398797,-0.9177546256839814
0.364,-0.8416902392383225,-0.9048270524660199
0.365,-1.4808619293192988,-0.8910065241883683
0.366,-1.6404934189423837,-0.8763066800438643
0.367,-1.2473853197025873,-0.8607420270039435
0.368,-0.7823753923550061,-0.8443279255020151
0.369,-0.8609423872316627,-0.827080574274562
0.37,-0.8858554843121176,-0.8090169943749478
0.371,-0.7342730230383655,-0.7901550123756909
0.372,-1.0753474438643886,-0.7705132427757898
0.373,-0.5068218992703497,-0.7501110696304603
0.374,-0.2000353338030325,-0.7289686274214123
0.375,0.5117536441165828,-0.7071067811865485
0.376,-0.7740489857360405,-0.6845471059286885
0.377,-1.0715281538649106,-0.6613118653236517
0.378,-0.8450797747476969,-0.6374239897486897
0.379,0.6946918251302561,-0.6129070536529766
0.38,-0.9176993801991313,-0.5877852522924734
0.381,-0.5126936551854211,-0.562083377852131
0.382,-0.23771067023119308,-0.5358267949789972
0.383,-0.5692308941023411,-0.5090414157503721
0.384,-0.23932336946779584,-0.48175367410171466
0.385,-0.9088749871962841,-0.4539904997395464
0.386,-0.6092651247263993,-0.42577929156507244
0.387,-0.07302540112430622,-0.39714789063478056
0.388,-0.2530626589099456,-0.3681245526846781
0.389,0.654995970061381,-0.3387379202452917
0.39,0.14615565076689435,-0.30901699437494795
0.391,0.27603259064557617,-0.27899110603922994
0.392,0.4360298939680767,-0.24868988716485566
0.393,0.22949379295417954,-0.21814324139654184
0.394,0.7713740636165616,-0.1873813145857241
0.395,-0.5006720828406962,-0.15643446504023048
0.396,-0.8166843241771151,-0.12533323356430404
0.397,-0.2865878540059624,-0.09410831331851427
0.398,-1.0017941806347348,-0.0627905195293135
0.399,-0.14394417062367584,-0.031410759078128604
0.4,-0.45819118772569156,-4.898587196589413e-16
0.401,-0.08415362088291561,0.031410759078129395
0.402,0.024254760827640984,0.0627905195293143
0.403,0.0776721226515894,0.09410831331851507
0.404,0.7407865780545362,0.1253332335643048
0.405,0.6626391465643063,0.15643446504023126
0.406,0.4666327894846486,0.18738131458572485
0.40700000000000003,0.05865012840360981,0.21814324139654262
0.40800000000000003,0.27919341738697245,0.24868988716485468
0.40900000000000003,0.8633782112363575,0.278991106039229
0.41000000000000003,1.068120801543824,0.3090169943749487
0.41100000000000003,0.5232707488592447,0.3387379202452924
0.41200000000000003,0.6176080061504043,0.36812455268467886
0.41300000000000003,0.3708355817595758,0.3971478906347813
0.41400000000000003,0.5676573658724581,0.42577929156507316
0.41500000000000004,-0.553833507877142,0.4539904997395471
0.41600000000000004,0.22981137474909974,0.48175367410171543
0.417,0.9940205871047908,0.5090414157503698
0.418,0.7222042433150511,0.535826794978995
0.419,0.19429970355116588,0.5620833778521303
0.42,0.7505106072572916,0.5877852522924727
0.421,1.0562035993919192,0.6129070536529759
0.422,0.4464253072211113,0.6374239897486891
0.423,0.9142863691770753,0.661311865323651
0.424,1.046705423148884,0.6845471059286878
0.425,0.3573357888205768,0.7071067811865466
0.426,1.5114277746673581,0.7289686274214106
0.427,1.2575683880399628,0.7501110696304597
0.428,0.5818504510967238,0.7705132427757893
0.429,0.1273963369022737,0.7901550123756903
0.43,1.8835176082873182,0.8090169943749472
0.431,0.6186652977809737,0.8270805742745615
0.432,0.771059180129676,0.8443279255020146
0.433,1.4111734657683512,0.8607420270039431
0.434,1.4094380102579354,0.8763066800438629
0.435,0.23097951045683185,0.8910065241883671
0.436,0.4336014457816488,0.9048270524660195
0.437,1.654372493424409,0.917754625683981
0.438,0.889674957322332,0.9297764858882513
0.439,0.9360682102121742,0.9408807689542255
0.44,0.8956159591247497,0.9510565162951535
0.441,1.4744473204261048,0.9602936856769431
0.442,1.4943792984130382,0.968583161128631
0.443,1.4447076465414992,0.9759167619387473
0.444,1.5902487503307299,0.9822872507286888
0.445,0.27032672433317084,0.9876883405951378
0.446,1.0004023900772165,0.9921147013144777
0.447,1.552546831006215,0.9955619646030799
0.448,1.4759846517732558,0.9980267284282716
0.449,0.8286017177821052,0.9995065603657317
0.45,0.6546080359904975,0.9999999999999998
0.451,1.1991222632286822,0.9995065603657317
0.452,0.7101979851581854,0.9980267284282716
0.453,2.032349388688,0.9955619646030798
0.454,1.057397124288813,0.9921147013144777
0.455,0.5360825487561088,0.9876883405951375
0.456,0.2775516453907084,0.9822872507286887
0.457,0.6743654428136977,0.9759167619387475
0.458,0.8530342752768773,0.9685831611286313
0.459,1.060649136454634,0.9602936856769433
0.46,0.6865666688405446,0.9510565162951539
0.461,0.8106468731711419,0.9408807689542258
0.462,0.6127122854973117,0.929776485888251
0.463,1.4158666550520747,0.9177546256839808
0.464,0.5165967211881176,0.9048270524660192
0.465,0.02035796510911314,0.8910065241883676
0.466,0.6485634682682105,0.8763066800438635
0.467,0.9906698986554185,0.8607420270039436
0.468,0.7935677924332716,0.8443279255020153
0.46900000000000003,1.1234447927368103,0.8270805742745622
0.47000000000000003,1.185518936339503,0.8090169943749469
0.47100000000000003,0.5352261363260098,0.7901550123756899
0.47200000000000003,1.4371756627179433,0.7705132427757888
0.47300000000000003,-0.29211055818815324,0.7501110696304593
0.47400000000000003,1.0925816439556335,0.7289686274214113
0.47500000000000003,1.4467663261263117,0.7071067811865474
0.47600000000000003,0.8040530654039296,0.6845471059286886
0.47700000000000004,-0.06994144967181037,0.6613118653236519
0.47800000000000004,0.7845186936433788,0.6374239897486899
0.47900000000000004,0.2939807393570987,0.6129070536529754
0.48,-0.23292204768825386,0.5877852522924736
0.481,0.059902842784138155,0.5620833778521311
0.482,1.251646799730613,0.5358267949789974
0.483,0.7471524957043025,0.5090414157503722
0.484,0.7917741150784848,0.48175367410171643
0.485,0.3837958861546563,0.4539904997395481
0.486,-0.20895060409038707,0.42577929156507416
0.487,0.06805011606028677,0.39714789063478234
0.488,-0.23578713467100337,0.3681245526846782
0.489,1.1738579185015843,0.3387379202452918
0.49,0.2782442127872952,0.30901699437494806
0.491,0.8068434170184239,0.27899110603923005
0.492,-0.13974233458726681,0.24868988716485574
0.493,0.5148317483744081,0.2181432413965437
0.494,1.4573712492241109,0.18738131458572593
0.495,1.1724509628248834,0.15643446504023237
0.496,-0.26947686104812535,0.12533323356430415
0.497,0.38938208957050097,0.0941083133185144
0.498,0.6208200067893388,0.06279051952931362
0.499,-0.12560999577797444,0.03141075907812872
0.5,-0.4051782560146381,6.123233995736766e-16
0.501,0.16198456086561522,-0.03141075907812751
0.502,-0.23061676939846443,-0.06279051952931242
0.503,0.02430542039044746,-0.09410831331851317
0.504,-0.5185893116402618,-0.12533323356430293
0.505,0.23289196089634925,-0.15643446504023115
0.506,-1.0009504102719597,-0.18738131458572474
0.507,0.06284254654598204,-0.2181432413965425
0.508,-0.9083084007764604,-0.24868988716485457
0.509,-0.3073629274456435,-0.2789911060392289
0.51,0.8765556407139352,-0.30901699437494856
0.511,-0.4499076343519729,-0.33873792024529065
0.512,-0.6860033592114546,-0.36812455268467875
0.513,-0.5722383726995328,-0.39714789063477957
0.514,-0.5594272995671815,-0.42577929156507305
0.515,-0.42809138148471215,-0.4539904997395454
0.516,-0.4739039981168183,-0.48175367410171527
0.517,-0.9312971499679819,-0.5090414157503695
0.518,-1.0907056217187037,-0.5358267949789962
0.519,-0.088267773549975,-0.5620833778521316
0.52,-0.09906484007256378,-0.5877852522924725
0.521,-0.8999999141297563,-0.6129070536529772
0.522,-1.1256435296849032,-0.6374239897486889
0.523,0.010469871036309697,-0.6613118653236523
0.524,-0.9907383688199696,-0.6845471059286876
0.525,-1.1641561354374024,-0.7071067811865477
0.526,-0.12791919126397067,-0.7289686274214129
0.527,-0.6156752637195556,-0.7501110696304596
0.528,-0.853413714730829,-0.7705132427757903
0.529,-0.3752273188406598,-0.7901550123756902
0.53,-0.7358513110869573,-0.8090169943749481
0.531,-1.4016141117377625,-0.8270805742745614
0.532,0.08160306093304193,-0.8443279255020155
0.533,-0.1684137463339188,-0.860742027003943
0.534,-0.6655995927114445,-0.8763066800438637
0.535,-0.5197257082958231,-0.8910065241883686
0.536,-0.3919627651948028,-0.9048270524660195
0.537,0.27143140767785545,-0.9177546256839817
0.538,-1.6446823256080503,-0.9297764858882512
0.539,-1.1184708791857025,-0.9408807689542259
0.54,-0.5488982084336682,-0.9510565162951534
0.541,-1.047824425466507,-0.9602936856769435
0.542,0.6303867922130618,-0.968583161128631
0.543,-0.9636783830068725,-0.9759167619387477
0.544,-0.6132990260961315,-0.9822872507286892
0.545,-0.7371890116100506,-0.9876883405951377
0.546,-0.17054493393445902,-0.992114701314478
0.547,-0.9508919287832849,-0.9955619646030799
0.548,-1.6383348491303105,-0.9980267284282717
0.549,-0.7948708164208793,-0.9995065603657318
0.55,-0.951513107160184,-1.0
0.551,-1.8865342285557698,-0.9995065603657317
0.552,-0.9400021311776735,-0.9980267284282717
0.553,-0.677836449697899,-0.9955619646030797
0.554,-1.7320253207157519,-0.9921147013144777
0.555,-1.2013070787170064,-0.9876883405951373
0.556,-0.8074206656809446,-0.9822872507286887
0.557,-0.32513845070089575,-0.9759167619387472
0.558,0.1020608406377217,-0.9685831611286313
0.559,-1.3561681736461888,-0.9602936856769428
0.56,-1.1012659690460314,-0.9510565162951539
0.561,-1.1396216966816652,-0.9408807689542251
0.562,-1.8586201689450372,-0.9297764858882503
0.5630000000000001,-0.9992935921419104,-0.9177546256839808
0.5640000000000001,-0.6007854346654757,-0.9048270524660185
0.5650000000000001,-1.6531305320249203,-0.8910065241883676
0.5660000000000001,-0.3536749445049442,-0.8763066800438626
0.5670000000000001,-1.1835794927914143,-0.8607420270039436
0.5680000000000001,-0.24004090719156923,-0.8443279255020143
0.5690000000000001,0.24290978396945495,-0.8270805742745622
0.5700000000000001,-0.4121044596211446,-0.8090169943749469
0.5710000000000001,-1.31177543801404,-0.7901550123756889
0.5720000000000001,-1.3752117824111054,-0.7705132427757889
0.5730000000000001,-0.8275812536822359,-0.7501110696304581
0.5740000000000001,-0.6557321044401099,-0.7289686274214114
0.5750000000000001,-0.10476492633888246,-0.7071067811865462
0.5760000000000001,-0.6663465496006896,-0.6845471059286887
0.577,0.49942740763096527,-0.6613118653236534
0.578,-0.5792524614399751,-0.63742398974869
0.579,-0.15771751014027102,-0.6129070536529783
0.58,-0.8735166761479212,-0.5877852522924737
0.581,-0.577807849305618,-0.5620833778521328
0.582,-0.5508240056384858,-0.5358267949789974
0.583,-0.48049811040498386,-0.5090414157503739
0.584,-0.5304619319238705,-0.48175367410171654
0.585,-0.1310617838326758,-0.45399049973954975
0.586,-0.27010526506074195,-0.42577929156507427
0.587,-0.10908246396110016,-0.3971478906347808
0.588,-0.2624203031043846,-0.36812455268468
0.589,0.08906953215343083,-0.3387379202452919
0.59,-0.8108193670965997,-0.30901699437494984
0.591,0.2790965068854423,-0.27899110603923016
0.592,-0.1858039070991706,-0.24868988716485757
0.593,-0.4264835183788556,-0.21814324139654379
0.594,-0.6957257054207007,-0.1873813145857278
0.595,0.8810592367703562,-0.15643446504023248
0.596,0.31686853263323195,-0.12533323356430426
0.597,0.27325509682968996,-0.09410831331851628
0.598,-0.8914991787183337,-0.06279051952931375
0.599,-0.48977570554652855,-0.03141075907813062
0.6,0.3592325106374926,-7.347880794884119e-16
0.601,0.28436560558839996,0.03141075907812561
0.602,-0.38747855786014573,0.06279051952931229
0.603,0.6101078810403812,0.09410831331851129
0.604,0.23344269283366356,0.12533323356430282
0.605,-0.395094863883767,0.15643446504023104
0.606,-0.20989163225149898,0.18738131458572288
0.607,1.499298209997709,0.2181432413965424
0.608,-0.26658387772909187,0.24868988716485274
0.609,0.6288940707844857,0.2789911060392288
0.61,0.08509126314560272,0.30901699437494506
0.611,0.2654787170889689,0.33873792024529054
0.612,0.18116729419853078,0.3681245526846753
0.613,0.2282400217441783,0.39714789063477945
0.614,0.5643453192242396,0.42577929156507294
0.615,0.22724306611380685,0.4539904997395453
0.616,0.14029793112998767,0.48175367410171516
0.617,0.19140727488888326,0.5090414157503694
0.618,0.06306063122044381,0.5358267949789962
0.619,-0.14434240237144436,0.5620833778521286
0.62,0.6161186756672034,0.5877852522924724
0.621,-0.6966974594674784,0.612907053652977
0.622,0.49877450259757455,0.6374239897486887
0.623,0.4537147709546213,0.6613118653236522
0.624,0.5331201649082994,0.6845471059286876
0.625,0.0370981075252822,0.7071067811865477
0.626,1.3748659295644061,0.7289686274214103
0.627,0.2610447207627065,0.7501110696304595
0.628,0.8425753525952417,0.7705132427757879
0.629,0.8625516218691119,0.7901550123756901
0.63,1.1308932641514389,0.8090169943749481
0.631,1.3086159138189408,0.8270805742745613
0.632,1.0628739259770847,0.8443279255020155
0.633,0.7749184022594319,0.860742027003943
0.634,0.8257793310912157,0.8763066800438637
0.635,0.8209365308901048,0.891006524188367
0.636,1.1687995497824466,0.9048270524660195
0.637,1.6645352581172475,0.9177546256839803
0.638,0.6031755554194015,0.9297764858882512
0.639,1.2881082714454481,0.9408807689542259
0.64,1.0441012806039818,0.9510565162951534
0.641,1.6715895447782945,0.9602936856769435
0.642,1.5033347915452235,0.968583161128631
0.643,0.7357599872319909,0.9759167619387477
0.644,0.9340599319596277,0.9822872507286885
0.645,0.0964941394796257,0.9876883405951377
0.646,0.28719255182255066,0.9921147013144774
0.647,0.5512615696431118,0.9955619646030799
0.648,1.2200216196975422,0.9980267284282717
0.649,0.5048191188304884,0.9995065603657318
0.65,1.4096914279352293,0.9999999999999999
0.651,0.39755438966513257,0.9995065603657318
0.652,1.3871446984012339,0.9980267284282716
0.653,0.26383221811507906,0.99556196460308
0.654,0.9871936472326894,0.9921147013144778
0.655,1.1379302490976997,0.9876883405951379
0.656,1.321355068393364,0.9822872507286887
0.657,1.3883165312564383,0.9759167619387472
0.658,-0.33537341666260934,0.9685831611286314
0.659,0.49727282784166865,0.9602936856769428
0.66,0.47162135704910957,0.951056516295154
0.661,1.0299341885557796,0.9408807689542252
0.662,0.8790768795729562,0.9297764858882518
0.663,1.037471724335377,0.9177546256839808
0.664,0.1742970256758285,0.9048270524660186
0.665,0.3615883855021711,0.8910065241883677
0.666,1.3983356435149408,0.8763066800438627
0.667,0.8046460352618526,0.8607420270039438
0.668,0.657088730926607,0.8443279255020144
0.669,0.3394153002614479,0.8270805742745623
0.67,0.671267143575559,0.809016994374947
0.671,1.1461504037872494,0.7901550123756911
0.672,0.8043413394836454,0.770513242775789
0.673,0.5997246041148906,0.7501110696304583
0.674,0.18224791334908064,0.7289686274214114
0.675,1.0110557008890306,0.7071067811865464
0.676,0.3527076007138948,0.6845471059286888
0.677,0.754526939267402,0.6613118653236508
0.678,0.35580582039058645,0.6374239897486901
0.679,0.07774323811035977,0.6129070536529756
0.68,-0.07171229018853642,0.5877852522924737
0.681,0.3532755138347008,0.5620833778521299
0.682,0.8433758857200964,0.5358267949789945
0.683,0.8871609830775479,0.5090414157503709
0.684,0.0512971562545827,0.4817536741017135
0.685,1.616333673768103,0.4539904997395467
0.686,1.2010250580346407,0.42577929156507116
0.687,0.7793121582246629,0.3971478906347809
0.6880000000000001,0.2202366441956312,0.36812455268467675
0.6890000000000001,0.9016846245707576,0.33873792024529203
0.6900000000000001,0.6420509171069289,0.30901699437494656
0.6910000000000001,1.0299669098061677,0.27899110603922683
0.6920000000000001,0.026110430895188025,0.24868988716485424
0.6930000000000001,0.0928919008238129,0.21814324139654045
0.6940000000000001,0.5718198367418457,0.18738131458572443
0.6950000000000001,-0.3869171928459918,0.1564344650402291
0.6960000000000001,-0.33742392954139744,0.1253332335643044
0.6970000000000001,0.07054355482086828,0.09410831331851288
0.6980000000000001,1.2080529623487493,0.06279051952931387
0.6990000000000001,-0.4562289739702384,0.0314107590781272
0.7000000000000001,-0.9033609798667174,-2.6954609193973537e-15
0.7010000000000001,-0.5948974448618136,-0.03141075907812903
0.7020000000000001,-0.3341960809646077,-0.0627905195293157
0.7030000000000001,-1.5200723533756841,-0.0941083133185147
0.704,-0.6254935878315084,-0.12533323356430268
0.705,-0.02053368348177992,-0.1564344650402274
0.706,0.7825027358569866,-0.18738131458572274
0.707,0.46568121624565684,-0.21814324139654226
0.708,-0.35030118935147736,-0.24868988716485263
0.709,-0.43701019108145867,-0.27899110603922866
0.71,-0.7661483079164482,-0.30901699437494495
0.711,-0.8787099972582559,-0.3387379202452905
0.712,-1.6546346640209104,-0.3681245526846752
0.713,-0.058882733548283994,-0.39714789063477934
0.714,-0.5390049352894337,-0.4257792915650696
0.715,-0.35192814922543625,-0.45399049973954525
0.716,-0.7740127745699523,-0.48175367410171505
0.717,-0.5498556293090034,-0.5090414157503694
0.718,-0.8534450489946734,-0.5358267949789961
0.719,-0.18567191844130054,-0.5620833778521285
0.72,-0.46613214390253194,-0.5877852522924724
0.721,-0.24805155827898168,-0.6129070536529742
0.722,-0.9021101620735166,-0.6374239897486886
0.723,-0.7474225854400014,-0.6613118653236494
0.724,-1.1050053369560247,-0.6845471059286875
0.725,-1.239308035220058,-0.7071067811865476
0.726,-0.45376970338718364,-0.7289686274214102
0.727,-0.7075157142566498,-0.7501110696304594
0.728,-0.20263792972754657,-0.7705132427757878
0.729,-0.38708734884533474,-0.7901550123756901
0.73,-0.9510098921751251,-0.8090169943749459
0.731,-1.8297122117200213,-0.8270805742745613
0.732,-1.2157231677784095,-0.8443279255020135
0.733,-1.471865369071534,-0.8607420270039429
0.734,-0.7064125652617089,-0.8763066800438636
0.735,-1.3707938430448485,-0.8910065241883669
0.736,-0.10346642882489898,-0.9048270524660192
0.737,-0.7252899616858164,-0.9177546256839801
0.738,-1.3195468270382413,-0.9297764858882511
0.739,-1.2945887428560119,-0.9408807689542246
0.74,-0.7119116751698487,-0.9510565162951534
0.741,-0.7490557124950555,-0.9602936856769424
0.742,-1.192553547517717,-0.968583161128631
0.743,0.03728274845974566,-0.9759167619387475
0.744,0.09255880800580929,-0.9822872507286884
0.745,-0.6105727742377756,-0.9876883405951377
0.746,0.2205087668687714,-0.9921147013144774
0.747,-1.0939945655501027,-0.9955619646030799
0.748,-1.8156045577103757,-0.9980267284282714
0.749,-1.3598557923498453,-0.9995065603657317
0.75,-1.1375506395149122,-0.9999999999999998
0.751,-0.7152702123382146,-0.9995065603657318
0.752,-0.8633742883606748,-0.9980267284282716
0.753,-0.3502991494405,-0.99556196460308
0.754,-0.578822546889311,-0.9921147013144778
0.755,-0.6044580380593304,-0.9876883405951379
0.756,-1.7389098035109056,-0.9822872507286887
0.757,-1.538074374577798,-0.975916761938748
0.758,-0.06614226814637669,-0.9685831611286314
0.759,-0.4759850803162126,-0.9602936856769428
0.76,-0.6911435129289736,-0.951056516295154
0.761,-1.0634040815757535,-0.9408807689542252
0.762,-1.617918586600174,-0.9297764858882518
0.763,-0.5333580261527993,-0.9177546256839808
0.764,-0.6186660511356538,-0.9048270524660201
0.765,-1.0809711210462374,-0.8910065241883677
0.766,-1.1628568876825678,-0.8763066800438645
0.767,-0.7374383998052314,-0.8607420270039438
0.768,0.27102344765363173,-0.8443279255020144
0.769,-0.804713661220067,-0.8270805742745624
0.77,-1.0776310224758552,-0.809016994374947
0.771,0.0538152266067492,-0.7901550123756912
0.772,-0.16005171791230377,-0.770513242775789
0.773,-1.5379981609186566,-0.7501110696304607
0.774,-0.5718838402123799,-0.7289686274214116
0.775,-0.3146901555633286,-0.7071067811865489
0.776,-0.7223535356855114,-0.6845471059286888
0.777,-0.6276919236678089,-0.6613118653236508
0.778,-0.10648213336344703,-0.6374239897486901
0.779,-0.442788541851605,-0.6129070536529756
0.78,-1.094875371756442,-0.5877852522924738
0.781,-0.7203792204257219,-0.56208337785213
0.782,-0.1776733881990954,-0.5358267949789977
0.783,-0.6830997339112914,-0.509041415750371
0.784,-0.8255969700765663,-0.4817536741017167
0.785,-0.9535518806398869,-0.45399049973954686
0.786,-1.1177248104637691,-0.42577929156507127
0.787,-1.1341396351304485,-0.39714789063478106
0.788,-1.1006419954035118,-0.3681245526846769
0.789,-0.14033081641260312,-0.3387379202452922
0.79,0.2040326491586884,-0.30901699437494673
0.791,-0.25461106474170603,-0.27899110603923044
0.792,0.6623680443366955,-0.2486898871648544
0.793,-0.1447391939431912,-0.21814324139654404
0.794,0.5396567199756459,-0.18738131458572455
0.795,0.04568873199203166,-0.1564344650402292
0.796,-0.6273237138836854,-0.1253332335643045
0.797,-0.17006689761829635,-0.094108313318513
0.798,-0.06320647696363414,-0.062790519529314
0.799,0.459755669230107,-0.03141075907812732
0.8,0.747060911187349,-9.797174393178826e-16
0.801,-0.23857409004359192,0.03141075907812891
0.802,0.652563498005652,0.06279051952931558
0.803,-0.006667886196762687,0.09410831331851457
0.804,0.7883929493032333,0.12533323356430612
0.805,1.1426816435702194,0.15643446504023079
0.806,0.12169241826093707,0.18738131458572613
0.807,0.26876367112191113,0.21814324139654215
0.808,0.648127188901197,0.2486898871648559
0.809,-0.023232309701203047,0.2789911060392285
0.81,-1.2281075856613632,0.3090169943749482
0.811,0.5564636084404986,0.33873792024529364
0.812,0.7767045775744574,0.36812455268467836
0.8130000000000001,0.6022576050146322,0.39714789063478245
0.8140000000000001,0.08051649129090788,0.4257792915650727
0.8150000000000001,-0.18955163773075306,0.45399049973954825
0.8160000000000001,0.6581351695906896,0.481753674101715
0.8170000000000001,0.9576857279174862,0.5090414157503723
0.8180000000000001,0.41609492764996353,0.535826794978996
0.8190000000000001,0.786561494861336,0.5620833778521312
0.8200000000000001,-0.21370869198623144,0.5877852522924751
0.8210000000000001,0.6033390012636916,0.6129070536529769
0.8220000000000001,0.8401569210368869,0.6374239897486913
0.8230000000000001,1.3424737346247875,0.661311865323652
0.8240000000000001,1.0391893477478287,0.6845471059286901
0.8250000000000001,0.5583005101473583,0.7071067811865475
0.8260000000000001,1.0673364667204988,0.7289686274214127
0.8270000000000001,0.4411213761091778,0.7501110696304594
0.8280000000000001,0.18321546221666818,0.77051324277579
0.8290000000000001,0.7433180999118185,0.7901550123756922
0.8300000000000001,1.2081475671870128,0.809016994374948
0.8310000000000001,1.3758026446292217,0.8270805742745632
0.8320000000000001,0.8289273122333903,0.8443279255020154
0.833,1.2743545815679058,0.8607420270039429
0.834,0.8030517674159583,0.8763066800438618
0.835,0.8711321156265076,0.8910065241883669
0.836,1.5564748869534462,0.9048270524660178
0.837,-0.18277144206084506,0.9177546256839801
0.838,0.6160283002451495,0.9297764858882511
0.839,0.8864218183179119,0.9408807689542246
0.84,0.7083330012303458,0.9510565162951534
0.841,1.5782126158936334,0.9602936856769424
0.842,1.0243518938729792,0.968583161128631
0.843,1.1675673249381295,0.9759167619387469
0.844,1.6348440126591137,0.9822872507286884
0.845,1.38286804565108,0.9876883405951377
0.846,0.8698349856534383,0.9921147013144774
0.847,0.9428066966102044,0.9955619646030799
0.848,0.934296631686031,0.9980267284282714
0.849,0.125860333190134,0.9995065603657317
0.85,0.6775105753861881,0.9999999999999998
0.851,1.588224462175244,0.9995065603657317
0.852,1.741553933637837,0.9980267284282718
0.853,0.69723818728354,0.9955619646030801
0.854,0.8084027959666964,0.9921147013144777
0.855,0.6896211051935068,0.987688340595138
0.856,1.1175568880496773,0.9822872507286888
0.857,1.412419215762407,0.9759167619387481
0.858,1.98478665123116,0.9685831611286315
0.859,1.2379598191985894,0.960293685676944
0.86,1.2111584276824379,0.951056516295154
0.861,0.5132445331823239,0.9408807689542266
0.862,0.9676377206290964,0.9297764858882519
0.863,0.41149850452213643,0.917754625683981
0.864,1.1509416176966099,0.9048270524660201
0.865,0.8567039329735219,0.8910065241883678
0.866,0.4027969079015183,0.8763066800438645
0.867,0.5718693778116686,0.8607420270039439
0.868,0.09384515112365444,0.8443279255020164
0.869,0.2498946577052078,0.8270805742745624
0.87,0.3825232755274299,0.8090169943749492
0.871,0.3479672262436615,0.7901550123756913
0.872,-0.06368962049965732,0.7705132427757891
0.873,0.489926645455683,0.7501110696304607
0.874,0.883873869901411,0.7289686274214117
0.875,1.691206650040297,0.707106781186549
0.876,0.04034483229185748,0.684547105928689
0.877,0.5697177624590054,0.6613118653236536
0.878,1.0387884834215138,0.6374239897486902
0.879,0.8028266426751471,0.6129070536529785
0.88,-0.03669409925559064,0.5877852522924739
0.881,0.03320882848462303,0.5620833778521301
0.882,1.2580036143055378,0.5358267949789978
0.883,0.43655284634374836,0.5090414157503711
0.884,-0.3621755533723266,0.4817536741017168
0.885,0.4087685191691001,0.45399049973954697
0.886,0.6902596115276359,0.4257792915650746
0.887,1.0325503474325541,0.3971478906347812
0.888,0.23628235544179757,0.36812455268467703
0.889,-0.30883709418658084,0.3387379202452923
0.89,0.18422167120398347,0.30901699437494684
0.891,0.040183637129109495,0.2789911060392305
0.892,0.30990899427093854,0.24868988716485452
0.893,0.513627719930503,0.21814324139654417
0.894,-0.9277023487319905,0.18738131458572468
0.895,-0.6351159586028009,0.15643446504023284
0.896,-0.10771883157303314,0.12533323356430465
0.897,-0.30632771374868895,0.09410831331851312
0.898,-0.34680503933301343,0.06279051952931411
0.899,0.1013963581060208,0.031410759078127445
0.9,-0.02365185344824903,1.102182119232618e-15
0.901,-0.5171096344218662,-0.031410759078128785
0.902,-0.11260552783424793,-0.06279051952931193
0.903,-0.39257603768106264,-0.09410831331851446
0.904,-0.2888435648438917,-0.12533323356430245
0.905,-0.2749380272384918,-0.15643446504023065
0.906,-0.3278690773577875,-0.187381314585726
0.907,-0.38295166610704634,-0.218143241396542
0.908,0.09158711119585866,-0.2486898871648558
0.909,-0.20368465694464216,-0.2789911060392284
0.91,-0.09037011007288254,-0.3090169943749481
0.911,0.4503611409564458,-0.3387379202452902
0.912,-0.9012068683802178,-0.36812455268467825
0.913,-1.5939786144670192,-0.3971478906347791
0.914,0.34757265258659237,-0.4257792915650726
0.915,0.014224643886466715,-0.45399049973954814
0.916,-0.933924616346699,-0.4817536741017149
0.917,-0.4351816093777984,-0.5090414157503722
0.918,0.14105016801095804,-0.5358267949789959
0.919,0.27625550352424144,-0.5620833778521311
0.92,-0.4325536758636046,-0.5877852522924721
0.921,-0.9589115957075242,-0.6129070536529768
0.922,-0.409167725405863,-0.6374239897486885
0.923,-0.5096992410912045,-0.6613118653236519
0.924,-0.35562292267641654,-0.68454710592869
0.925,0.31481375014287083,-0.7071067811865474
0.926,-0.47747505411678903,-0.7289686274214126
0.927,-1.2604468411430967,-0.7501110696304593
0.928,-0.6555925166278399,-0.77051324277579
0.929,-0.5572923699025505,-0.7901550123756899
0.93,-0.7193817994373572,-0.8090169943749479
0.931,0.10482578977090906,-0.8270805742745612
0.932,-0.27788440259087865,-0.8443279255020153
0.933,-1.0351830854561992,-0.8607420270039445
0.934,-0.4520580447680305,-0.8763066800438635
0.935,-0.3551999222872081,-0.8910065241883685
0.936,-0.9164160098774257,-0.9048270524660192
0.937,-0.8714542847667768,-0.9177546256839815
0.9380000000000001,-1.0611952920520489,-0.929776485888251
0.9390000000000001,-0.635312832676918,-0.9408807689542258
0.9400000000000001,-0.5142793541633426,-0.9510565162951544
0.9410000000000001,0.0015008381808216953,-0.9602936856769433
0.9420000000000001,-1.9136655484949747,-0.9685831611286319
0.9430000000000001,-1.9962988900731164,-0.9759167619387475
0.9440000000000001,-0.43145849910767287,-0.982287250728689
0.9450000000000001,-1.3852322822639564,-0.9876883405951375
0.9460000000000001,-1.1879312451106743,-0.9921147013144779
0.9470000000000001,-1.3648446381302675,-0.9955619646030798
0.9480000000000001,0.08693630934784236,-0.9980267284282716
0.9490000000000001,-0.3435751702728135,-0.9995065603657318
0.9500000000000001,-1.1408669040029527,-0.9999999999999999
0.9510000000000001,-0.8182885157523963,-0.9995065603657317
0.9520000000000001,-0.5866475358847172,-0.9980267284282716
0.9530000000000001,-2.009754710276491,-0.9955619646030798
0.9540000000000001,-1.1828729881282776,-0.9921147013144777
0.9550000000000001,-1.2534986068145777,-0.9876883405951374
0.9560000000000001,-0.45428304347248616,-0.9822872507286888
0.9570000000000001,-1.2231618225156542,-0.9759167619387473
0.9580000000000001,-0.8792341455444513,-0.9685831611286306
0.9590000000000001,-0.8444284038152007,-0.9602936856769431
0.96,-1.300653405143927,-0.9510565162951541
0.961,-1.3553564817823027,-0.9408807689542266
0.962,-0.992716372983502,-0.9297764858882519
0.963,-0.8841039699545921,-0.9177546256839825
0.964,-0.33794478195997335,-0.9048270524660202
0.965,-0.1538622675950062,-0.8910065241883696
0.966,-0.7835830572928645,-0.8763066800438646
0.967,-0.0497017327362117,-0.860742027003944
0.968,-1.0028369486965893,-0.8443279255020165
0.969,-1.1009973457835183,-0.8270805742745625
0.97,-0.42777615875510855,-0.8090169943749492
0.971,-0.5542713640376175,-0.7901550123756913
0.972,-1.223228761246766,-0.7705132427757915
0.973,-0.13047780890878558,-0.7501110696304608
0.974,-1.3038857210544896,-0.7289686274214141
0.975,-0.9443344009441049,-0.707106781186549
0.976,-0.46090524129940136,-0.6845471059286891
0.977,-0.6517470401653997,-0.6613118653236537
0.978,-0.5177820214950833,-0.6374239897486903
0.979,-0.5653432072439999,-0.6129070536529786
0.98,-0.6252047413630105,-0.587785252292474
0.981,-0.8002830889929902,-0.5620833778521331
0.982,-0.12199108475182557,-0.5358267949789979
0.983,-1.3726803791618,-0.5090414157503712
0.984,-0.4993286746425792,-0.48175367410171693
0.985,-0.7806291530207483,-0.4539904997395471
0.986,-0.3338970965454852,-0.4257792915650747
0.987,-0.09716342724074456,-0.39714789063478123
0.988,-0.4395979656808056,-0.3681245526846804
0.989,-0.09235225007586662,-0.33873792024529237
0.99,-0.6293112719147649,-0.3090169943749503
0.991,0.5188267150781759,-0.2789911060392306
0.992,-0.412096812778717,-0.24868988716485463
0.993,0.6078058013232862,-0.21814324139654429
0.994,-0.4263383938070121,-0.1873813145857248
0.995,0.15159023824047335,-0.15643446504023295
0.996,-0.2191792469791026,-0.12533323356430476
0.997,-0.20633889725757884,-0.09410831331851677
0.998,-0.02275149671683916,-0.06279051952931423
0.999,-0.8200905075708348,-0.03141075907813111
1.0,0.15169580983660744,-1.2246467991473533e-15
1.0010000000000001,0.583625553559738,0.03141075907813222
1.002,-0.22395731494235122,0.0627905195293118
1.0030000000000001,0.03924424036584113,0.09410831331851788
1.004,0.506692190315742,0.12533323356430234
1.0050000000000001,0.401596841081496,0.15643446504023406
1.006,-0.2091810827626043,0.1873813145857224
1.0070000000000001,0.13040526230654942,0.21814324139654537
1.008,0.611000239095055,0.24868988716485227
1.0090000000000001,-0.5114463524453077,0.2789911060392317
1.01,-0.30951769860450395,0.309016994374948
1.0110000000000001,0.18406522141555198,0.3387379202452934
1.012,-0.1782199720262282,0.36812455268467814
1.0130000000000001,0.7215661147133323,0.3971478906347823
1.014,0.2794736568656734,0.4257792915650725
1.0150000000000001,0.19429702427955148,0.453990499739548
1.016,0.361909128808283,0.48175367410171477
1.0170000000000001,0.22814795123175124,0.5090414157503722
1.018,-0.15918719860919062,0.5358267949789958
1.0190000000000001,0.5187340855514427,0.5620833778521311
1.02,0.852346803547898,0.5877852522924749
1.0210000000000001,0.6536570714072075,0.6129070536529795
1.022,1.0579968742035097,0.6374239897486884
1.0230000000000001,-0.34414714015515124,0.6613118653236518
1.024,0.5374211946596307,0.6845471059286898
1.025,0.18209104999150916,0.7071067811865448
1.026,0.9980190547880936,0.72896862742141
1.027,0.4624670491598265,0.7501110696304591
1.028,1.1495004206900608,0.7705132427757899
1.029,0.7264226152394639,0.7901550123756876
1.03,1.287137325482493,0.8090169943749458
1.031,1.3643886383957162,0.827080574274561
1.032,0.7493000941609967,0.8443279255020151
1.033,1.5600521078477652,0.8607420270039408
1.034,0.0675029911860141,0.8763066800438616
1.035,0.644411829968608,0.8910065241883667
1.036,0.6844236363636991,0.9048270524660191
1.037,0.31327708491440276,0.9177546256839786
1.038,0.8336114214628787,0.9297764858882522
1.039,0.25539175395693814,0.9408807689542245
1.04,2.1519548650118683,0.9510565162951532
1.041,0.7924767082274771,0.9602936856769413
1.042,0.18789041748342983,0.9685831611286317
1.043,0.15775315319828287,0.9759167619387467
1.044,1.4460768781303144,0.9822872507286883
1.045,0.4599596000237066,0.9876883405951375
1.046,0.29298651577177615,0.9921147013144778
1.047,0.9307442335605298,0.9955619646030794
1.048,1.32446064399206,0.9980267284282713
1.049,1.133683193431094,0.9995065603657317
1.05,0.9883552882438635,0.9999999999999999
1.051,0.8461797419334101,0.9995065603657318
1.052,1.5481754624229485,0.9980267284282713
1.053,1.4333113148412893,0.99556196460308
1.054,0.9134847268958823,0.9921147013144777
1.055,0.8130112956584696,0.9876883405951385
1.056,0.504403320712165,0.9822872507286882
1.057,0.6372195085324288,0.9759167619387481
1.058,0.8829134629648014,0.9685831611286315
1.059,1.4378371198518585,0.9602936856769451
1.06,0.637219644594361,0.951056516295153
1.061,-0.10679868848253127,0.9408807689542266
1.062,1.3934033416680216,0.9297764858882519
1.063,0.7774778305217895,0.917754625683981
1.064,1.1963283171878214,0.9048270524660188
1.065,0.924744840309255,0.8910065241883696
1.066,1.084549966119297,0.8763066800438646
1.067,1.3663088136070498,0.860742027003944
1.068,1.0790466944662853,0.8443279255020146
1.069,0.03375658721346286,0.8270805742745645
1.07,0.5660367481411455,0.8090169943749451
1.071,1.5466030590528828,0.7901550123756914
1.072,0.4366993292281681,0.7705132427757893
1.073,1.2655468514787702,0.7501110696304633
1.074,1.2724963801986688,0.7289686274214093
1.075,1.2871115757063207,0.7071067811865491
1.076,1.003886972744458,0.6845471059286891
1.077,0.425760245130531,0.6613118653236564
1.078,1.1052063594051063,0.6374239897486876
1.079,0.0711014128980032,0.6129070536529787
1.08,0.5711368765532601,0.5877852522924741
1.081,-0.24077805154550114,0.5620833778521303
1.082,0.5090499195445279,0.535826794978995
1.083,0.7091871371930817,0.5090414157503743
1.084,0.7444512374675015,0.481753674101717
1.085,0.17388844451471142,0.45399049973954714
1.086,0.11254927340464427,0.4257792915650716
1.087,-0.3506774201626355,0.3971478906347846
1.088,0.2055488742044225,0.3681245526846739
1.089,0.1367725448361597,0.3387379202452925
1.09,-0.3245280484888429,0.30901699437494706
1.091,0.01612976116183379,0.27899110603923416
1.092,0.3068110469413227,0.2486898871648513
1.093,-0.4818342398398924,0.21814324139654442
1.094,0.8283920591879254,0.18738131458572493
1.095,0.15705077066508752,0.1564344650402296
1.096,-0.7838083987260722,0.12533323356430137
1.097,-0.20484282533396098,0.09410831331851689
1.098,0.17662707463976146,0.06279051952931436
1.099,0.9013564779714434,0.03141075907812769
1.1,0.6862661404318426,-2.2056021997384123e-15
1.101,0.2666748508655983,-0.031410759078124996
1.102,-0.12994341415523353,-0.06279051952931168
1.103,-0.26543108266299026,-0.09410831331851421
1.104,0.12962430447918596,-0.12533323356430573
1.105,-0.03488545780528321,-0.1564344650402269
1.106,0.5200240645308223,-0.18738131458572924
1.107,-1.5808199633138573,-0.21814324139654176
1.108,0.13285554528579577,-0.2486898871648556
1.109,0.10008011351936114,-0.2789911060392248
1.11,0.16388923863200655,-0.3090169943749513
1.111,0.2021337984353066,-0.33873792024529
1.112,0.011918901666954473,-0.3681245526846781
1.113,-0.4522002444595107,-0.3971478906347822
1.114,-0.6625135863575028,-0.4257792915650756
1.115,-0.02542440465436757,-0.4539904997395448
1.116,-0.18915234086113114,-0.48175367410171466
1.117,-1.3164902051218106,-0.5090414157503721
1.118,-0.9913315131605516,-0.5358267949789987
1.119,-0.3033584404066575,-0.562083377852128
1.12,-0.05656629962365711,-0.5877852522924719
1.121,-0.8243711466413538,-0.6129070536529766
1.122,-0.1492848255425967,-0.6374239897486911
1.123,-1.0989396871921644,-0.6613118653236492
1.124,-0.3700805641103483,-0.6845471059286924
1.125,-1.3428459243192588,-0.7071067811865472
1.1260000000000001,-1.2498287394951533,-0.7289686274214123
1.127,-0.5134473179643625,-0.7501110696304568
1.1280000000000001,-0.6249191681756041,-0.7705132427757921
1.129,0.2740557276230384,-0.7901550123756897
1.1300000000000001,-0.7805702683111173,-0.8090169943749478
1.131,-0.32213080702098007,-0.827080574274563
1.1320000000000001,-1.4272654092049335,-0.844327925502017
1.133,-0.9589512927447728,-0.8607420270039426
1.1340000000000001,-0.7965117763714802,-0.8763066800438634
1.135,-0.6560514916807383,-0.8910065241883683
1.1360000000000001,-1.437657078595294,-0.9048270524660206
1.137,-0.6187153511973356,-0.91775462568398
1.1380000000000001,-1.7298242119804759,-0.929776485888251
1.139,-0.5738756120872274,-0.9408807689542257
1.1400000000000001,-1.6776295054866706,-0.9510565162951543
1.141,-0.7594978152220329,-0.9602936856769423
1.1420000000000001,-0.9486887267319284,-0.9685831611286326
1.143,-0.5237461689024128,-0.9759167619387475
1.1440000000000001,-0.30060263710380064,-0.982287250728689
1.145,-0.6021768844479491,-0.9876883405951371
1.1460000000000001,-1.018109034162733,-0.9921147013144783
1.147,-1.0808017263137526,-0.9955619646030798
1.1480000000000001,-1.0272903900761396,-0.9980267284282717
1.149,-0.5010593122346876,-0.9995065603657318
1.1500000000000001,-0.3305455737015771,-0.9999999999999999
1.151,-1.8057685611186582,-0.9995065603657318
1.1520000000000001,-1.2484509481755222,-0.9980267284282717
1.153,-0.7578181648890442,-0.9955619646030798
1.154,-1.4943811582559747,-0.9921147013144781
1.155,-1.4712182398307392,-0.9876883405951381
1.156,-0.8096327128199092,-0.9822872507286888
1.157,-0.6233252011661592,-0.9759167619387473
1.158,-0.7622612146663253,-0.9685831611286325
1.159,-1.2395165847619696,-0.9602936856769441
1.16,-1.6034097030243468,-0.9510565162951541
1.161,0.04090441461797889,-0.9408807689542255
1.162,-1.5478223591025273,-0.9297764858882533
1.163,-0.7139434738848629,-0.9177546256839826
1.164,-1.1112564172630714,-0.9048270524660204
1.165,-0.8318801941921213,-0.891006524188368
1.166,-0.21699787460933084,-0.8763066800438665
1.167,-1.2818264657571197,-0.8607420270039423
1.168,-0.9905549494959367,-0.8443279255020166
1.169,0.02934057583398164,-0.8270805742745626
1.17,-0.6787679160169025,-0.8090169943749514
1.171,-1.1699426252551146,-0.7901550123756893
1.172,-0.9430068033289586,-0.7705132427757916
1.173,0.2223325541551211,-0.7501110696304609
1.174,-0.2259490110187734,-0.7289686274214119
1.175,-0.9266699746674315,-0.7071067811865467
1.176,-0.9907503872033326,-0.6845471059286918
1.177,-0.6124704567614575,-0.6613118653236538
1.178,-0.6334668413439893,-0.6374239897486905
1.179,-0.6406243302648635,-0.612907053652976
1.18,-0.6753951889245945,-0.587785252292477
1.181,-0.2157376642272344,-0.5620833778521334
1.182,-0.6446882264277324,-0.535826794978998
1.183,-0.6355612089354196,-0.5090414157503714
1.184,-0.16649951774647387,-0.4817536741017202
1.185,-0.5248377110386869,-0.4539904997395441
1.186,-0.7616419563957635,-0.4257792915650749
1.187,-1.383344793372344,-0.39714789063478145
1.188,-0.5601628312329279,-0.36812455268468397
1.189,-1.1373114825132637,-0.33873792024528926
1.19,0.25315092574693104,-0.3090169943749505
1.191,-0.3770097725303998,-0.27899110603923083
1.192,-0.5948108285554523,-0.24868988716485485
1.193,-0.3057008754038174,-0.21814324139654107
1.194,0.152229627550518,-0.18738131458572854
1.195,0.3647281913130276,-0.1564344650402332
1.196,-0.666523628912859,-0.125333233564305
1.197,-0.5124779436393738,-0.09410831331851348
1.198,-0.29264106036807863,-0.06279051952931804
1.199,-0.051480231220196716,-0.03141075907812426
1.2,-0.43585663456730783,-1.4695761589768238e-15
1.201,-0.10592874214422757,0.031410759078128424
1.202,-0.19526274544975045,0.062790519529308
1.203,-0.18504981558107378,0.09410831331851763
1.204,0.19906809440445056,0.1253332335643021
1.205,0.034964936269003086,0.1564344650402303
1.206,-0.15940816101364857,0.18738131458571866
1.207,-0.02516843370076144,0.21814324139654512
1.208,0.7958951710349901,0.24868988716485205
1.209,-0.4322224382025014,0.27899110603922805
1.21,0.3879627325255302,0.3090169943749478
1.211,0.05527896528954629,0.3387379202452932
1.212,0.46911207620899015,0.36812455268467464
1.213,0.5278825137917109,0.3971478906347788
1.214,0.9078737603130127,0.42577929156507227
1.215,0.43971004807234193,0.45399049973954786
1.216,0.22073442151454364,0.48175367410171144
1.217,-0.38621828093776656,0.509041415750375
1.218,0.5919739723546209,0.5358267949789955
1.219,1.2699284544184952,0.5620833778521309
1.22,0.4619858698687574,0.587785252292469
1.221,1.1846030114547106,0.6129070536529794
1.222,0.05529345300811295,0.6374239897486883
1.223,0.8434366431030947,0.6613118653236517
1.224,1.350807536662816,0.6845471059286845
1.225,1.3136180441749636,0.7071067811865497
1.226,0.49818113221003446,0.7289686274214099
1.227,0.4375934311380927,0.750111069630459
1.228,0.40245593569252525,0.7705132427757898
1.229,1.2667166595905017,0.7901550123756919
1.23,0.5465472846452785,0.8090169943749456
1.231,0.6441485645854046,0.8270805742745609
1.232,0.7563035716763307,0.844327925502015
1.233,0.5026834742069043,0.8607420270039443
1.234,-0.2866906884888085,0.8763066800438615
1.235,0.7610882448061504,0.8910065241883698
1.236,0.6106843610785535,0.904827052466019
1.237,1.1958692149199655,0.9177546256839813
1.238,1.5880567448746405,0.9297764858882496
1.239,0.7019772199820103,0.9408807689542268
1.24,1.8604910489596649,0.9510565162951532
1.241,0.5956744947579142,0.9602936856769432
1.242,1.0192033265138978,0.9685831611286316
1.243,0.4706545005944769,0.9759167619387482
1.244,1.193383041803606,0.9822872507286883
1.245,1.4056843901330707,0.9876883405951375
1.246,0.8884180444461982,0.9921147013144779
1.247,1.559434213428438,0.9955619646030802
1.248,1.537719513139129,0.9980267284282714
1.249,0.840206245959903,0.9995065603657317
1.25,0.7586170901780032,0.9999999999999999
1.2510000000000001,0.24052336345587688,0.9995065603657317
1.252,0.6772826819768942,0.9980267284282718
1.2530000000000001,1.194095537212784,0.9955619646030794
1.254,0.9851081257411245,0.9921147013144778
1.2550000000000001,0.6959616155766313,0.9876883405951375
1.256,1.3655154004720096,0.9822872507286895
1.2570000000000001,1.0714267339343606,0.9759167619387467
1.258,0.5572602674737044,0.9685831611286315
1.2590000000000001,0.6367412186700232,0.9602936856769431
1.26,0.4874570000391655,0.951056516295153
1.2610000000000001,0.5510863623390069,0.9408807689542242
1.262,0.3100301510668596,0.929776485888252
1.2630000000000001,1.1531979697695556,0.9177546256839811
1.264,0.9638442216339492,0.9048270524660188
1.2650000000000001,1.9621829400515403,0.8910065241883665
1.266,0.5781453432166631,0.8763066800438647
1.2670000000000001,0.6479480571903533,0.8607420270039441
1.268,0.6417528009492137,0.8443279255020147
1.2690000000000001,0.7971412581996106,0.8270805742745606
1.27,-0.12101341785232667,0.8090169943749494
1.2710000000000001,1.8215589890912889,0.7901550123756872
1.272,0.6452119773861632,0.7705132427757894
1.2730000000000001,0.6438103528193764,0.7501110696304586
1.274,0.806560915130631,0.7289686274214143
1.2750000000000001,1.6110654895083338,0.7071067811865442
1.276,0.5400391869673944,0.6845471059286893
1.2770000000000001,0.9917882687337191,0.6613118653236513
1.278,0.6001262364269123,0.6374239897486879
1.2790000000000001,0.25228457652268677,0.6129070536529733
1.28,0.0957531892607138,0.5877852522924742
1.281,0.4141512975531346,0.5620833778521364
1.282,0.016647371088779894,0.5358267949789951
1.283,0.19952170522926338,0.5090414157503745
1.284,0.8210510490758349,0.4817536741017172
1.285,0.09773394060032153,0.4539904997395474
1.286,0.07858798877064571,0.4257792915650718
1.287,0.6800699513677444,0.3971478906347849
1.288,0.5206362871517206,0.3681245526846808
1.289,0.21066516466018453,0.33873792024529276
1.29,-0.10315057004964218,0.3090169943749473
1.291,0.34621275145884534,0.27899110603923444
1.292,-0.1742962159797032,0.24868988716485843
1.293,-0.34419001869218413,0.21814324139654465
1.294,0.12848327905890705,0.18738131458572516
1.295,-0.14841666652176966,0.15643446504023684
1.296,0.22721064989031806,0.1253332335643016
1.297,0.5017959460660362,0.09410831331851714
1.298,-0.09419668883292251,0.06279051952931461
1.299,-0.5092620084221483,0.03141075907813503
1.3,-0.23419845141647588,-1.9606728399089416e-15
1.301,0.07336238499715497,-0.03141075907812475
1.302,-0.123921301892703,-0.06279051952931143
1.303,-1.1291614947340023,-0.09410831331851396
1.304,0.784152844983265,-0.1253332335643055
1.305,-0.48827607813213886,-0.15643446504022668
1.306,-1.0422703006446867,-0.18738131458572205
1.307,0.13700113329332123,-0.21814324139654154
1.308,-0.5100940650395085,-0.24868988716485532
1.309,-0.4885773525740643,-0.2789911060392245
1.31,-0.38886984463792323,-0.30901699437494423
1.311,-1.0101925964901588,-0.3387379202452897
1.312,-0.6798069590436655,-0.3681245526846778
1.313,0.11762550472810951,-0.3971478906347754
1.314,-0.66904871526636,-0.4257792915650754
1.315,-0.44151159319039507,-0.45399049973954453
1.316,-0.04396506437481662,-0.4817536741017145
1.317,-0.6826894008169082,-0.5090414157503658
1.318,0.4310604876143872,-0.5358267949789985
1.319,-0.5545891437681382,-0.5620833778521279
1.32,-0.49102684516746575,-0.5877852522924718
1.321,-0.5687064954776485,-0.6129070536529765
1.322,-0.522175265742471,-0.637423989748691
1.323,-0.49308357190120666,-0.6613118653236489
1.324,-0.10603192552904106,-0.6845471059286871
1.325,-0.715996525098278,-0.7071067811865471
1.326,-0.5726231588518363,-0.7289686274214122
1.327,-0.9252530610432415,-0.7501110696304566
1.328,-0.9769320494226663,-0.7705132427757919
1.329,-0.954280588833158,-0.7901550123756896
1.33,0.027086359642546798,-0.8090169943749477
1.331,-1.5262041206671544,-0.8270805742745588
1.332,-0.4148369129560937,-0.8443279255020169
1.333,-1.4396669979665038,-0.8607420270039425
1.334,-0.5834740579620099,-0.8763066800438633
1.335,-1.1464544351460215,-0.891006524188365
1.336,-1.1758991537446395,-0.9048270524660205
1.337,-0.719699721304341,-0.9177546256839799
1.338,-1.298447132908222,-0.9297764858882509
1.339,-0.7594644697175793,-0.9408807689542256
1.34,-1.31425965899798,-0.9510565162951542
1.341,-1.157953256055282,-0.9602936856769422
1.342,0.4434055337191741,-0.9685831611286307
1.343,-1.2194276138522349,-0.9759167619387475
1.344,-0.7312228582728345,-0.9822872507286889
1.345,-0.806407776414998,-0.987688340595137
1.346,-1.457018947457759,-0.9921147013144782
1.347,-1.6844472841435834,-0.9955619646030798
1.348,-1.842209595937562,-0.9980267284282717
1.349,-0.7383023069104635,-0.9995065603657315
1.35,-1.6833425076947002,-0.9999999999999999
1.351,-0.42116792091993105,-0.9995065603657318
1.352,-1.252987407687222,-0.9980267284282717
1.353,-1.3560846133069309,-0.9955619646030804
1.354,-0.01792548105181646,-0.9921147013144773
1.355,-0.6949567250144792,-0.9876883405951381
1.356,-0.7345191153534966,-0.9822872507286888
1.357,-0.782218464832132,-0.9759167619387474
1.358,-1.3121521334169208,-0.9685831611286307
1.359,-0.46104560424089003,-0.9602936856769442
1.36,0.11528183405720449,-0.9510565162951542
1.361,-0.9328002930995045,-0.9408807689542256
1.362,-0.4020702342036795,-0.9297764858882508
1.363,-0.39515801220658564,-0.9177546256839826
1.364,-1.4824787688974603,-0.9048270524660175
1.365,-0.9271359772852394,-0.8910065241883681
1.366,-2.0514025357162473,-0.8763066800438631
1.367,-1.2521107671149603,-0.860742027003946
1.368,-0.9423490194021316,-0.844327925502013
1.369,-1.360005997566517,-0.8270805742745627
1.37,0.009148481670138153,-0.8090169943749475
1.371,-0.6781733116506283,-0.7901550123756894
1.372,-0.461661205714681,-0.7705132427757873
1.373,0.01384442164402322,-0.7501110696304611
1.374,-1.4270604028554246,-0.728968627421412
1.375,-1.1522358065376541,-0.7071067811865468
1.3760000000000001,-0.4951080070146001,-0.6845471059286867
1.377,-0.4611549225226229,-0.661311865323654
1.3780000000000001,-1.5393203021321638,-0.6374239897486906
1.379,-0.9621103222566743,-0.6129070536529762
1.3800000000000001,0.1896680096466623,-0.5877852522924715
1.381,-0.15069695281560797,-0.5620833778521335
1.3820000000000001,-0.6185734415332212,-0.5358267949789922
1.383,-0.8280217960356623,-0.5090414157503715
1.3840000000000001,-0.07848408129500267,-0.4817536741017142
1.385,-0.5664736492763607,-0.4539904997395507
1.3860000000000001,-0.02157101245725157,-0.4257792915650687
1.387,-0.30839948682833773,-0.39714789063478173
1.3880000000000001,-1.1130045221416371,-0.3681245526846776
1.389,0.3177027597109207,-0.33873792024528954
1.3900000000000001,-0.6866187687200144,-0.309016994374944
1.391,-0.2247139427512048,-0.2789911060392311
1.3920000000000001,0.37144116861839205,-0.2486898871648551
1.393,-0.45180522916578925,-0.21814324139654132
1.3940000000000001,0.0575099660932816,-0.1873813145857218
1.395,-0.020487842865460765,-0.15643446504023345
1.3960000000000001,0.201975137547183,-0.12533323356430526
1.397,0.20243188522411554,-0.09410831331851373
1.3980000000000001,-0.4703413020396918,-0.0627905195293112
1.399,-0.6955891056126128,-0.0314107590781316
1.4000000000000001,-0.17820752842991583,5.3909218387947074e-15
1.401,0.33342632130459193,0.03141075907812818
1.4020000000000001,0.9907149669364222,0.06279051952931484
1.403,0.5271987259344321,0.0941083133185103
1.4040000000000001,-0.16012835142409163,0.1253332335643089
1.405,-0.9636947535748528,0.15643446504023006
1.4060000000000001,0.12018166975429267,0.1873813145857254
1.407,-0.9216822595302735,0.21814324139654487
1.408,0.29032589074596665,0.24868988716485177
1.409,1.2675802483376537,0.2789911060392278
1.41,-0.2030108810451135,0.30901699437494073
1.411,1.316433562378392,0.338737920245293
1.412,0.6096542326282379,0.3681245526846744
1.413,0.7250579923822336,0.39714789063477857
1.414,-0.6046092653578163,0.42577929156507205
1.415,0.569552111497907,0.4539904997395476
1.416,0.9768296405032062,0.48175367410171127
1.417,1.233984979461668,0.5090414157503688
1.418,-0.04512675675346889,0.5358267949789954
1.419,0.718377285106824,0.5620833778521307
1.42,0.18049459174071342,0.5877852522924688
1.421,0.6163989346347857,0.6129070536529735
1.422,0.5380618907888688,0.6374239897486881
1.423,1.6596768699807738,0.6613118653236515
1.424,0.9930920335729234,0.6845471059286844
1.425,0.7943400109750068,0.7071067811865496
1.426,0.9723457300139748,0.7289686274214098
1.427,0.9103518583428083,0.7501110696304589
1.428,0.4955174054282965,0.7705132427757851
1.429,1.3294763867683148,0.7901550123756917
1.43,0.8952716284225132,0.8090169943749455
1.431,0.6081218774083779,0.8270805742745608
1.432,1.154667748240038,0.8443279255020149
1.433,0.5742826698901682,0.8607420270039442
1.434,0.70548746585133,0.8763066800438614
1.435,1.976746917249534,0.8910065241883666
1.436,0.4143900478354918,0.9048270524660189
1.437,0.9039011565736469,0.9177546256839813
1.438,0.5746688328400071,0.9297764858882495
1.439,0.7832939596353995,0.9408807689542243
1.44,0.49254220139894206,0.9510565162951531
1.441,1.8000433240324387,0.9602936856769432
1.442,0.8214154245394317,0.9685831611286299
1.443,1.304531789014286,0.9759167619387481
1.444,0.5908818461153166,0.9822872507286883
1.445,0.4251617811142382,0.9876883405951375
1.446,0.9567468615759842,0.9921147013144769
1.447,1.3115483069623888,0.9955619646030801
1.448,0.45778913705119706,0.9980267284282714
1.449,1.7001072653743352,0.9995065603657317
1.45,0.3180114781234651,0.9999999999999999
1.451,0.503692383009376,0.9995065603657317
1.452,1.2888409143407542,0.9980267284282718
1.453,1.2797925499356868,0.9955619646030801
1.454,0.9058573217855423,0.9921147013144779
1.455,0.5202783176969081,0.9876883405951375
1.456,1.0984396405404873,0.9822872507286896
1.457,0.24881912404520068,0.9759167619387481
1.458,1.4000039050859432,0.9685831611286316
1.459,0.4760461502890314,0.9602936856769432
1.46,0.32599845188503196,0.9510565162951553
1.461,1.1373892398772787,0.9408807689542243
1.462,0.7749842525660983,0.9297764858882521
1.463,0.7525925582671076,0.9177546256839813
1.464,0.6339414388866753,0.9048270524660219
1.465,1.2081690092207933,0.8910065241883666
1.466,0.7018547047811315,0.8763066800438648
1.467,0.7181380110013591,0.8607420270039442
1.468,0.42477352416210434,0.8443279255020149
1.469,0.6808442583523937,0.8270805742745608
1.47,0.5706452540794642,0.8090169943749497
1.471,0.3601894662823651,0.7901550123756917
1.472,0.8143862070546825,0.7705132427757896
1.473,0.6495431273164752,0.7501110696304589
1.474,0.057919654709027046,0.7289686274214146
1.475,1.017242778384594,0.7071067811865445
1.476,0.9664548803293993,0.6845471059286895
1.477,0.2981803809366984,0.6613118653236515
1.478,1.3511227991630255,0.6374239897486935
1.479,0.10746580983866505,0.6129070536529735
1.48,0.32534423713431815,0.5877852522924746
1.481,0.2634942676187199,0.5620833778521307
1.482,-0.25547052517778934,0.5358267949790014
1.483,0.026114857615137044,0.5090414157503688
1.484,0.0688877312816969,0.4817536741017175
1.485,-0.012881853011241007,0.4539904997395476
1.486,0.8255004530200241,0.42577929156507205
1.487,0.8850782467472782,0.39714789063477857
1.488,0.31513067908831494,0.36812455268468103
1.489,0.1674929705888844,0.338737920245293
1.49,0.6940258178494552,0.3090169943749475
1.491,-0.5079914388574445,0.2789911060392278
1.492,-0.8602638650978072,0.24868988716485865
1.493,-0.30082668832420356,0.21814324139653796
1.494,0.11706826339782679,0.1873813145857254
1.495,1.1082507403325987,0.15643446504023006
1.496,0.19632553420399576,0.1253332335643089
1.497,-0.5390784297428488,0.0941083133185103
1.498,-0.28306809709439296,0.06279051952931484
1.499,0.5882097248614762,0.03141075907812818
1.5,-0.7829496547927658,5.3896838775215305e-15
1.5010000000000001,-0.369410301477211,-0.0314107590781316
1.502,-0.4440456269683353,-0.0627905195293112
1.5030000000000001,0.12515131347402558,-0.09410831331851373
1.504,-0.1312637622348087,-0.12533323356430526
1.5050000000000001,-0.20129473418368135,-0.15643446504023345
1.506,1.3320956513638922,-0.1873813145857218
1.5070000000000001,0.050552601130235936,-0.21814324139654132
1.508,-0.17495509835371764,-0.2486898871648551
1.5090000000000001,-0.008197555682254831,-0.2789911060392311
1.51,-1.0984019716574953,-0.309016994374944
1.5110000000000001,-0.34782344172371454,-0.3387379202452962
1.512,-0.3942861810364692,-0.3681245526846776
1.5130000000000001,-0.8311554360076887,-0.39714789063478173
1.514,-1.3812167326475355,-0.4257792915650687
1.5150000000000001,-0.3632025797360943,-0.4539904997395507
1.516,-1.5015109935244073,-0.4817536741017142
1.5170000000000001,-0.17061309882944115,-0.5090414157503715
1.518,-1.2077167441069883,-0.5358267949789982
1.5190000000000001,0.09155016872393817,-0.5620833778521335
1.52,-0.18384986649272161,-0.5877852522924715
1.5210000000000001,-0.11420574033538605,-0.6129070536529762
1.522,-0.4237994141514576,-0.6374239897486906
1.5230000000000001,0.5302236496079922,-0.661311865323654
1.524,-0.35397898077589646,-0.6845471059286867
1.5250000000000001,-0.84774453845697,-0.7071067811865468
1.526,-0.576617105213158,-0.728968627421412
1.5270000000000001,-0.6482693322897309,-0.7501110696304611
1.528,-0.05034460315816036,-0.7705132427757873
1.5290000000000001,-0.8106294649714323,-0.7901550123756937
1.53,-1.2490801274124856,-0.8090169943749475
1.5310000000000001,-1.4429754507735355,-0.8270805742745627
1.532,-0.8347502687586578,-0.844327925502013
1.5330000000000001,-1.0915728189334317,-0.860742027003946
1.534,-1.2311428801607383,-0.8763066800438631
1.5350000000000001,0.11750311969952365,-0.8910065241883681
1.536,-0.6306164495293985,-0.9048270524660205
1.537,-1.1117348987225095,-0.9177546256839798
1.538,-1.5304687844340341,-0.9297764858882508
1.539,-1.805982386716982,-0.9408807689542231
1.54,-0.4733770359226853,-0.9510565162951542
1.541,-0.9515046303490877,-0.9602936856769422
1.542,-0.37810340411428867,-0.9685831611286307
1.543,-1.566559512417004,-0.9759167619387474
1.544,-0.6818576261872769,-0.9822872507286888
1.545,-0.7761226743349043,-0.987688340595137
1.546,-0.3522783032665262,-0.9921147013144773
1.547,-0.9745367723175105,-0.9955619646030798
1.548,-1.4306981617253456,-0.9980267284282717
1.549,-0.5790700567090104,-0.9995065603657316
1.55,-1.4432022711883872,-0.9999999999999999
1.551,-1.4525059068695718,-0.9995065603657318
1.552,-1.5891162107865449,-0.9980267284282717
1.553,-1.3254581902663576,-0.9955619646030806
1.554,-1.3893848616592337,-0.9921147013144774
1.555,-0.27296355583170695,-0.9876883405951381
1.556,-0.12322558594031585,-0.9822872507286889
1.557,-1.3524233379303758,-0.975916761938749
1.558,0.6947662709208359,-0.9685831611286307
1.559,-0.5773304714911484,-0.9602936856769443
1.56,-1.1357397963019693,-0.9510565162951542
1.561,-0.6838771168246374,-0.9408807689542256
1.562,-0.32087290736806373,-0.9297764858882509
1.563,-0.528782236679376,-0.9177546256839828
1.564,-1.460920611989328,-0.9048270524660205
1.565,-0.5712543291553446,-0.8910065241883682
1.566,-0.7870863490213565,-0.8763066800438633
1.567,-1.2157835239986574,-0.8607420270039461
1.568,-0.40792479186014585,-0.8443279255020169
1.569,-2.0312876272646285,-0.8270805742745629
1.57,-1.5865473310728446,-0.8090169943749477
1.571,-0.3043246442601107,-0.790155012375694
1.572,-0.5553598499029658,-0.7705132427757875
1.573,-0.3324030532180171,-0.7501110696304613
1.574,-0.7208437284109229,-0.7289686274214122
1.575,-0.6965249223294753,-0.7071067811865521
1.576,-0.07416747679385771,-0.6845471059286871
1.577,-0.3023768729234003,-0.6613118653236543
1.578,-0.6232858370989818,-0.637423989748691
1.579,-0.8417913538680191,-0.6129070536529765
1.58,-0.4263231367928453,-0.5877852522924718
1.581,0.2063423015979723,-0.5620833778521338
1.582,-0.7586823914172545,-0.5358267949789985
1.583,-0.49443617627774794,-0.5090414157503719
1.584,0.4119804970543684,-0.4817536741017145
1.585,-0.7507174275671256,-0.45399049973955086
1.586,0.043446435586079246,-0.4257792915650754
1.587,-0.5205728506666473,-0.3971478906347819
1.588,-0.12882095699300602,-0.3681245526846778
1.589,-1.7437726980514026,-0.3387379202452964
1.59,0.23696960858758986,-0.30901699437494423
1.591,-0.46137600820841296,-0.27899110603923133
1.592,0.11093634382616888,-0.24868988716485532
1.593,-0.02759917829628991,-0.21814324139654848
1.594,-0.2073523096279676,-0.18738131458572205
1.595,-0.9021504825280351,-0.1564344650402337
1.596,-0.4001695624619105,-0.1253332335643055
1.597,0.8454483267753,-0.09410831331851396
1.598,-0.5438177100459131,-0.06279051952931143
1.599,-0.915068468178546,-0.031410759078131845
1.6,0.13584893498144815,-1.959434878635765e-15
1.601,0.08640576510249806,0.03141075907812794
1.602,0.43347233065285584,0.06279051952931461
1.603,0.3688995264315393,0.09410831331851006
1.604,1.1081685553848593,0.12533323356430864
1.605,-0.357919378119793,0.15643446504022981
1.606,0.5515640608280639,0.18738131458572516
1.607,0.2972961353639442,0.2181432413965377
1.608,0.4154626499508547,0.24868988716485843
1.609,0.501311418206482,0.2789911060392276
1.61,0.40922146176767604,0.3090169943749473
1.611,-0.29486239317918145,0.3387379202452861
1.612,-0.194983050260098,0.3681245526846808
1.613,0.5515720609204322,0.39714789063477834
1.614,-0.08118742835710796,0.4257792915650718
1.615,0.8319811026861451,0.4539904997395474
1.616,0.23561874828955107,0.4817536741017172
1.617,0.4954561569142443,0.5090414157503684
1.618,0.09436321353183147,0.5358267949789951
1.619,0.6641311478565962,0.5620833778521305
1.62,0.06415528714008456,0.5877852522924742
1.621,0.6448451438396797,0.6129070536529733
1.622,0.6404114444074233,0.6374239897486933
1.623,0.3024262076232899,0.6613118653236513
1.624,1.2500980916581472,0.6845471059286893
1.625,1.0090697878984676,0.7071067811865442
1.6260000000000001,0.45097301537394185,0.7289686274214143
1.627,-0.3514191940817196,0.7501110696304586
1.6280000000000001,0.2604414601736662,0.7705132427757894
1.629,1.23442444707707,0.7901550123756872
1.6300000000000001,0.7686505488265395,0.8090169943749494
1.631,0.5492344100463065,0.8270805742745606
1.6320000000000001,1.0791213577202823,0.8443279255020147
1.633,1.5049861553553383,0.8607420270039441
1.6340000000000001,0.7052095321469083,0.8763066800438647
1.635,0.3357863319087919,0.8910065241883665
1.6360000000000001,1.232591301757421,0.9048270524660188
1.637,0.29547001902047776,0.9177546256839811
1.6380000000000001,1.0860040322084061,0.929776485888252
1.639,1.271385376488296,0.9408807689542242
1.6400000000000001,0.3721502009399521,0.9510565162951552
1.641,1.1621955448242745,0.9602936856769431
1.6420000000000001,0.7715190255905761,0.9685831611286315
1.643,0.5241001793155367,0.9759167619387467
1.6440000000000001,0.9022722043378981,0.9822872507286895
1.645,1.533696428949511,0.9876883405951375
1.6460000000000001,0.8168016385849445,0.9921147013144778
1.647,0.4339703527480391,0.9955619646030801
1.6480000000000001,0.8165391359656067,0.9980267284282718
1.649,0.4732708409389442,0.9995065603657317
1.6500000000000001,1.2125334327501005,1.0
1.651,0.7852151004722993,0.9995065603657317
1.6520000000000001,1.7602419948244503,0.9980267284282714
1.653,0.9221684126768025,0.9955619646030802
1.6540000000000001,-0.13437456483811483,0.9921147013144779
1.655,0.8394778738995099,0.9876883405951375
1.6560000000000001,1.0068519575016428,0.9822872507286883
1.657,1.1172949856301144,0.9759167619387482
1.6580000000000001,1.152767349656201,0.96858316112863
1.659,0.6147712585157108,0.9602936856769432
1.6600000000000001,1.6954262605133068,0.9510565162951532
1.661,1.4027594971946007,0.9408807689542268
1.6620000000000001,1.6157601005803097,0.9297764858882496
1.663,0.8211036957804458,0.9177546256839813
1.6640000000000001,-0.08292743204278996,0.904827052466019
1.665,0.655372065089034,0.8910065241883667
1.666,0.6128027393209955,0.876306680043865
1.667,1.917644690859178,0.8607420270039443
1.668,0.5731654644014765,0.8443279255020187
1.669,0.36538449971272496,0.8270805742745609
1.67,1.5031888489975511,0.8090169943749498
1.671,1.0100090925868486,0.7901550123756919
1.672,0.69343868401045,0.7705132427757942
1.673,1.8992808437163275,0.750111069630459
1.674,0.9581874378190957,0.7289686274214148
1.675,-0.07171101153759363,0.7071067811865497
1.676,0.975314058673749,0.6845471059286897
1.677,1.059154711896185,0.6613118653236517
1.678,0.7246355843909209,0.6374239897486937
1.679,0.49532760341539617,0.6129070536529794
1.68,0.660827452849442,0.5877852522924747
1.681,-0.04666895144808303,0.5620833778521309
1.682,0.28588660211137573,0.5358267949790017
1.683,0.302920265775404,0.5090414157503689
1.684,0.836712849785044,0.4817536741017177
1.685,-0.17723713701159194,0.45399049973954786
1.686,0.8630814654993123,0.4257792915650787
1.687,0.9712322280421806,0.3971478906347788
1.688,0.26381939241013935,0.36812455268468125
1.689,0.783176420393433,0.3387379202452932
1.69,-0.3273306168877328,0.3090169943749478
1.691,0.45644307176369125,0.27899110603922805
1.692,-0.2474821698175159,0.24868988716485893
1.693,0.5694024180174133,0.21814324139654512
1.694,0.32119900962171855,0.18738131458572566
1.695,-0.07795014974941625,0.1564344650402303
1.696,0.4194111612088046,0.12533323356430914
1.697,0.33333946747027976,0.09410831331851763
1.698,-0.10068849394038575,0.0627905195293151
1.699,-0.7466930969743475,0.031410759078128424
1.7,0.9226979466884768,5.634613237351001e-15
1.701,-0.424961648205716,-0.03141075907813136
1.702,0.24735647438535427,-0.06279051952931095
1.703,-0.10848442237661331,-0.09410831331851348
1.704,-0.25631889367800775,-0.12533323356429796
1.705,-0.7783630758815229,-0.1564344650402332
1.706,0.30558680091851476,-0.18738131458572155
1.707,-0.4540706654434119,-0.21814324139654107
1.708,-0.3835744732173417,-0.24868988716485485
1.709,-0.2515322787069772,-0.27899110603923083
1.71,-0.8077477614257247,-0.3090169943749438
1.711,-0.3785246642336122,-0.33873792024528926
1.712,-0.32823377622560296,-0.36812455268467736
1.713,-0.5596239578430278,-0.39714789063478145
1.714,-0.45827807054939534,-0.4257792915650685
1.715,-0.3676866533559904,-0.4539904997395441
1.716,-0.6410787777137489,-0.481753674101714
1.717,-0.1914206639307589,-0.5090414157503714
1.718,-0.1334082727634302,-0.535826794978992
1.719,0.07457520314178845,-0.5620833778521334
1.72,0.3657475230720246,-0.5877852522924714
1.721,-0.002911616719366461,-0.612907053652976
1.722,-0.8887907789535058,-0.637423989748685
1.723,0.4231429003034255,-0.6613118653236538
1.724,-0.5330527434088921,-0.6845471059286866
1.725,-0.6295310746043945,-0.7071067811865467
1.726,-1.0277947331761905,-0.7289686274214119
1.727,-0.5232184702723763,-0.7501110696304609
1.728,-0.9763798642610768,-0.770513242775787
1.729,-1.1337418836320419,-0.7901550123756893
1.73,-0.9708751120040255,-0.8090169943749473
1.731,-1.3342704117020885,-0.8270805742745626
1.732,-1.341099711304838,-0.8443279255020129
1.733,-0.16027892379312958,-0.8607420270039423
1.734,-0.20721733367278783,-0.876306680043863
1.735,-0.9590043093937061,-0.891006524188368
1.736,-0.6850405146525017,-0.9048270524660174
1.737,-0.8724931246481926,-0.9177546256839826
1.738,-0.5932806456187117,-0.9297764858882508
1.739,-0.5799939497734096,-0.9408807689542255
1.74,-0.7464640505972892,-0.951056516295152
1.741,-1.082671976035139,-0.9602936856769441
1.742,-1.1878045633771606,-0.9685831611286306
1.743,-0.6806344872885957,-0.9759167619387473
1.744,-1.8916482095104126,-0.9822872507286888
1.745,-0.9739245199670966,-0.9876883405951381
1.746,-1.05866383852306,-0.9921147013144774
1.747,-1.1279187695359205,-0.9955619646030798
1.748,-1.1602838425370647,-0.9980267284282717
1.749,-2.1825245034826217,-0.9995065603657318
1.75,-0.35047575828443533,-0.9999999999999999
1.7510000000000001,-1.2683946956826482,-0.9995065603657316
1.752,-1.4276868590249019,-0.9980267284282717
1.7530000000000001,-0.8111442168941709,-0.9955619646030798
1.754,-0.8284031025666079,-0.9921147013144783
1.7550000000000001,-1.301157640592552,-0.9876883405951371
1.756,-1.370100781060762,-0.982287250728689
1.7570000000000001,-0.8369275693450919,-0.9759167619387475
1.758,-0.9069794124689126,-0.9685831611286326
1.7590000000000001,-1.3919639295079143,-0.9602936856769423
1.76,-0.4904305949367781,-0.9510565162951543
1.7610000000000001,-1.4940631197460819,-0.9408807689542257
1.762,-0.14624267940854296,-0.929776485888251
1.7630000000000001,-1.0780975741999572,-0.91775462568398
1.764,-1.5342607995906108,-0.9048270524660206
1.7650000000000001,-0.3827803426884514,-0.8910065241883683
1.766,-0.9278521129754923,-0.8763066800438634
1.7670000000000001,-1.8768243468354364,-0.8607420270039426
1.768,-1.0665012998809973,-0.844327925502017
1.7690000000000001,-1.06931608135971,-0.827080574274559
1.77,-1.7929870692946457,-0.8090169943749478
1.7710000000000001,-1.5871160303970901,-0.7901550123756897
1.772,-0.7675867361834158,-0.7705132427757921
1.7730000000000001,-0.4626827837674648,-0.7501110696304568
1.774,-1.2825398958735126,-0.7289686274214123
1.7750000000000001,-1.2549171713305398,-0.7071067811865472
1.776,-0.9229746820614212,-0.6845471059286872
1.7770000000000001,-0.3935617579953385,-0.6613118653236492
1.778,-1.408374953578895,-0.6374239897486911
1.7790000000000001,-1.2926209875317853,-0.6129070536529766
1.78,-0.7056646056560443,-0.5877852522924719
1.7810000000000001,-0.3544039098440037,-0.562083377852128
1.782,-0.43350160817214467,-0.5358267949789987
1.7830000000000001,-0.3240793561750567,-0.5090414157503721
1.784,-0.7219043347069185,-0.48175367410171466
1.7850000000000001,-1.1026816153594965,-0.4539904997395448
1.786,0.20226536549347646,-0.4257792915650756
1.7870000000000001,-0.1642165624465193,-0.3971478906347756
1.788,-1.5590198135740214,-0.3681245526846781
1.7890000000000001,0.0350872912674734,-0.33873792024529
1.79,0.08642415858306773,-0.3090169943749513
1.7910000000000001,-0.16546208623571856,-0.2789911060392248
1.792,-0.5047398983389534,-0.2486898871648556
1.793,0.17842670386388113,-0.2181432413965487
1.794,-0.4347255212658279,-0.18738131458572227
1.795,0.3750165153729951,-0.15643446504023392
1.796,-0.2150321026439758,-0.12533323356430573
1.797,1.6143440476080195,-0.09410831331852129
1.798,0.7438471592408403,-0.06279051952931168
1.799,0.4818558856471511,-0.031410759078132094
1.8,-0.0545688886991697,-2.204364238465236e-15
1.801,0.07804171622244471,0.03141075907812058
1.802,0.4761014720640575,0.06279051952931436
1.803,0.6137764652391242,0.09410831331850983
1.804,0.22388648344893392,0.12533323356430137
1.805,0.18329253151570848,0.1564344650402296
1.806,0.710675545799167,0.18738131458572493
1.807,0.8162034581143146,0.21814324139653749
1.808,0.6707780268042662,0.2486898871648513
1.809,0.41975767624259336,0.27899110603922733
1.81,-0.5004897478761989,0.30901699437494706
1.811,0.5649317911690166,0.3387379202452858
1.812,0.2221515682278507,0.36812455268468053
1.813,0.5993717651891485,0.39714789063477807
1.814,0.38571815193480236,0.4257792915650716
1.815,0.5901642010887321,0.4539904997395408
1.816,0.7549411849950579,0.481753674101717
1.817,1.5819384701676136,0.5090414157503682
1.818,-0.07939135702635147,0.535826794978995
1.819,0.9583302350563403,0.5620833778521303
1.82,0.862555996036962,0.5877852522924741
1.821,0.12307099476966271,0.612907053652973
1.822,0.7958649836815191,0.6374239897486876
1.823,-0.10710962415085046,0.661311865323651
1.824,1.7227899650765344,0.6845471059286891
1.825,0.6156290467252796,0.7071067811865441
1.826,0.6424850835227625,0.7289686274214093
1.827,-0.1251017438003481,0.7501110696304585
1.828,1.5904768212177345,0.7705132427757893
1.829,1.35576797947434,0.7901550123756871
1.83,0.6449070014348252,0.8090169943749493
1.831,-0.06093214333823471,0.8270805742745605
1.832,1.1813297780223606,0.8443279255020146
1.833,1.686138300216879,0.8607420270039404
1.834,0.9499091157966297,0.8763066800438646
1.835,0.19101320885041062,0.8910065241883662
1.836,1.181753445162201,0.9048270524660188
1.837,0.8713746711073248,0.917754625683981
1.838,0.8772668774557355,0.9297764858882519
1.839,0.8001522378712711,0.9408807689542242
1.84,1.012473859980871,0.951056516295153
1.841,1.5594484247983424,0.9602936856769431
1.842,0.8874403714996086,0.9685831611286315
1.843,1.5375330077228528,0.9759167619387465
1.844,1.2000862651921502,0.9822872507286882
1.845,0.11733059431610104,0.9876883405951374
1.846,0.8479854646576784,0.9921147013144777
1.847,0.4613606060447991,0.9955619646030794
1.848,0.8057048953397498,0.9980267284282718
1.849,0.7063468961347132,0.9995065603657317
1.85,0.8193913403496541,0.9999999999999999
1.851,0.25445001759258645,0.9995065603657319
1.852,1.3124921809699828,0.9980267284282713
1.853,1.3100591355990152,0.9955619646030802
1.854,1.083066403496367,0.9921147013144778
1.855,1.5080473794920066,0.9876883405951375
1.856,0.28218233546145155,0.9822872507286883
1.857,1.5748810880922677,0.9759167619387483
1.858,2.1463243046757823,0.9685831611286317
1.859,1.6863520990218275,0.9602936856769433
1.86,1.0332468048997985,0.9510565162951532
1.861,1.7246043790866352,0.9408807689542269
1.862,1.4295574614603639,0.9297764858882522
1.863,0.2913746636576797,0.9177546256839814
1.864,0.5552159654645965,0.9048270524660191
1.865,0.21064667932561854,0.8910065241883699
1.866,1.2664223220163844,0.8763066800438616
1.867,0.7391748238596977,0.8607420270039444
1.868,1.1310121217437776,0.8443279255020151
1.869,1.2455716873297695,0.827080574274565
1.87,0.8705488321928816,0.8090169943749458
1.871,1.2958613673098478,0.790155012375692
1.872,1.2962233195646284,0.7705132427757899
1.873,0.2978148122897406,0.7501110696304591
1.874,2.2512468794012115,0.72896862742141
1.875,1.6070812094832188,0.7071067811865498
1.8760000000000001,0.5566317560211955,0.6845471059286898
1.877,-0.20900367286305244,0.6613118653236518
1.8780000000000001,0.5099046514430167,0.6374239897486884
1.879,0.6610096664428733,0.6129070536529795
1.8800000000000001,0.28662183020528703,0.5877852522924691
1.881,0.9939045626379814,0.5620833778521311
1.8820000000000001,1.0101200845512168,0.5358267949789958
1.883,1.0580585038206225,0.5090414157503752
1.8840000000000001,0.38812603246261246,0.48175367410171166
1.885,1.2206283016060175,0.453990499739548
1.8860000000000001,0.4337166529460742,0.4257792915650725
1.887,-0.29953248404161814,0.3971478906347855
1.8880000000000001,0.07054352357078975,0.36812455268467487
1.889,1.0948635499567982,0.3387379202452934
1.8900000000000001,-0.04454695565110439,0.309016994374948
1.891,0.36818670347999016,0.2789911060392283
1.8920000000000001,-0.8405687146511406,0.24868988716485227
1.893,-0.2164828788193873,0.21814324139654537
1.8940000000000001,-0.19659549903468032,0.18738131458572588
1.895,-0.08901038221542787,0.15643446504023054
1.8960000000000001,0.5859782199218155,0.12533323356430234
1.897,0.719341409855385,0.09410831331851788
1.8980000000000001,0.009003287532521852,0.06279051952930825
1.899,-0.0002833800745510179,0.03141075907812866
1.9000000000000001,-0.06020769016837588,-1.22588476042053e-15
1.901,-0.00017364663685234816,-0.03141075907812402
1.9020000000000001,-0.7556324750720941,-0.06279051952931779
1.903,-0.030204747484354755,-0.09410831331851323
1.9040000000000001,0.17689000244516456,-0.12533323356430476
1.905,0.2547162595670977,-0.15643446504022596
1.9060000000000001,-0.8387811318070991,-0.1873813145857283
1.907,-0.8894311887469833,-0.21814324139654082
1.9080000000000001,-0.009297820696099995,-0.24868988716485463
1.909,0.17909309070020513,-0.2789911060392306
1.9100000000000001,0.44199119917144586,-0.3090169943749503
1.911,0.8986922972886539,-0.33873792024528904
1.9120000000000001,-0.6201475964673604,-0.36812455268467714
1.913,0.1968352935079996,-0.39714789063478123
1.9140000000000001,-0.3581920691899695,-0.4257792915650747
1.915,-0.690669943450378,-0.45399049973954386
1.9160000000000001,-0.38528722847669644,-0.48175367410172004
1.917,-0.04411132258560907,-0.5090414157503712
1.9180000000000001,-0.16535861444399463,-0.5358267949789979
1.919,-1.2664388224183487,-0.5620833778521273
1.92,-0.7150000961167151,-0.5877852522924711
1.921,-0.20865916777679527,-0.6129070536529758
1.922,-0.23573151171914603,-0.6374239897486849
1.923,-1.219346793278738,-0.6613118653236537
1.924,-0.7745384238726457,-0.6845471059286865
1.925,-0.29851761116465003,-0.7071067811865466
1.926,-0.7356657383546468,-0.7289686274214069
1.927,-1.3336801666533877,-0.7501110696304608
1.928,-0.5428560079349717,-0.7705132427757869
1.929,-0.3681645152958875,-0.7901550123756891
1.93,0.2345745475326948,-0.809016994374943
1.931,-1.3350696404641997,-0.8270805742745625
1.932,-1.2961393250256386,-0.8443279255020127
1.933,-0.07866681814131171,-0.8607420270039422
1.934,-0.6739610856062018,-0.8763066800438629
1.935,-1.5196015644304142,-0.8910065241883679
1.936,-0.18121789253720877,-0.9048270524660172
1.937,-0.21784616039335147,-0.9177546256839796
1.938,-1.0614494807109542,-0.9297764858882506
1.939,-1.2455872560808516,-0.9408807689542255
1.94,-1.4179942967146757,-0.9510565162951519
1.941,-1.2672369601542313,-0.960293685676944
1.942,-1.2662205541897693,-0.9685831611286306
1.943,-1.2758859720197986,-0.9759167619387473
1.944,-0.7271916858111457,-0.9822872507286875
1.945,-0.34576132829289885,-0.987688340595138
1.946,-1.3697173418646966,-0.9921147013144772
1.947,-0.3408770196207176,-0.9955619646030798
1.948,-1.5321498921485355,-0.9980267284282711
1.949,-0.4793881769329197,-0.9995065603657318
1.95,-1.102294824330336,-0.9999999999999998
1.951,-1.1448264066570193,-0.9995065603657318
1.952,-1.0911236081489877,-0.9980267284282716
1.953,-1.1074357142276414,-0.9955619646030798
1.954,-1.5534958422903085,-0.9921147013144783
1.955,0.0598848937938552,-0.9876883405951382
1.956,-1.5763423093627231,-0.982287250728689
1.957,-0.564867911616856,-0.9759167619387475
1.958,-1.0352112911431082,-0.9685831611286326
1.959,-1.0560275120722098,-0.9602936856769423
1.96,-0.9874173507676272,-0.9510565162951544
1.961,-0.6293814906618873,-0.9408807689542258
1.962,-1.275298075233567,-0.9297764858882537
1.963,-1.388962559692835,-0.9177546256839801
1.964,-1.1745441248457935,-0.9048270524660208
1.965,-1.0523416059355684,-0.8910065241883685
1.966,0.12325025480922669,-0.8763066800438635
1.967,-1.669095813822826,-0.8607420270039428
1.968,-0.9910584468613972,-0.8443279255020172
1.969,-1.1248468719800806,-0.8270805742745632
1.97,-0.9037788142336389,-0.8090169943749479
1.971,-0.3729755894310964,-0.7901550123756899
1.972,-0.6672596293655969,-0.7705132427757923
1.973,-1.1423345363577995,-0.7501110696304616
1.974,-0.624777448180546,-0.7289686274214126
1.975,-0.4446779127956114,-0.7071067811865474
1.976,-0.39221550994007687,-0.6845471059286925
1.977,-0.26835060243851677,-0.6613118653236493
1.978,-0.6203357931900667,-0.6374239897486913
1.979,-0.4286816999048869,-0.6129070536529768
1.98,0.03242113276139502,-0.5877852522924779
1.981,-1.236555639036638,-0.5620833778521283
1.982,-1.2669362790057792,-0.5358267949789989
1.983,-0.36487381632913285,-0.5090414157503722
1.984,-0.16612132371618737,-0.4817536741017149
1.985,-0.7009793749145636,-0.453990499739545
1.986,-1.0059704835188448,-0.4257792915650758
1.987,-0.4965826017562345,-0.3971478906347824
1.988,-0.49394468356667476,-0.36812455268467825
1.989,-0.8993420681728768,-0.3387379202452902
1.99,0.41172828914063275,-0.30901699437495145
1.991,-0.5731408806623022,-0.2789911060392318
1.992,0.3823434680789987,-0.2486898871648558
1.993,0.0643260410477201,-0.218143241396542
1.994,0.23809266606832813,-0.18738131458572949
1.995,1.1070273774249162,-0.15643446504022715
1.996,-0.4713808784491453,-0.12533323356430598
1.997,-0.3313280228717693,-0.09410831331851445
1.998,0.5730007357891121,-0.06279051952931901
1.999,0.10710009699015952,-0.03141075907812524
