Kanał 1,Kanał 2,Kanał 3
0.0,0.7071067811865476,-0.0525232720190657
0.06279051952931337,0.7901550123756904,0.10287502697476769
0.12533323356430426,0.8607420270039435,-0.29955666224983957
0.18738131458572466,0.917754625683981,-0.08022281366393864
0.24868988716485485,0.9602936856769432,-0.07073078233852624
0.30901699437494745,0.9876883405951377,0.00041096208141943767
0.36812455268467803,0.9995065603657317,-0.04941292603853306
0.42577929156507266,0.9955619646030799,-0.12789461048669634
0.48175367410171527,0.9759167619387475,0.009117150149735567
0.5358267949789965,0.9408807689542256,0.0018733361114271771
0.587785252292473,0.8910065241883678,-0.13394221140039672
0.6374239897486896,0.8270805742745618,-0.07156147037605869
0.6845471059286887,0.7501110696304595,0.12887569413923902
0.7289686274214117,0.6613118653236518,0.0884457189779986
0.7705132427757894,0.5620833778521307,-0.10033705629968191
0.8090169943749475,0.45399049973954686,-0.0676464105524683
0.8443279255020151,0.33873792024529137,-0.07390138115689665
0.8763066800438636,0.21814324139654234,-0.21003276861599438
0.9048270524660195,0.09410831331851435,0.06743159502978358
0.9297764858882513,-0.031410759078127994,0.1222349307498865
0.9510565162951536,-0.15643446504023076,-0.01894133973585804
0.9685831611286313,-0.27899110603922933,0.07694137509969276
0.9822872507286887,-0.39714789063478045,-0.04595519717260957
0.9921147013144777,-0.5090414157503712,-0.022275463003090048
0.9980267284282717,-0.6129070536529765,-0.005155799947444616
1.0,-0.7071067811865475,0.10420776843563002
0.9980267284282717,-0.7901550123756905,0.12777878861045974
0.9921147013144777,-0.8607420270039432,0.04235508968428705
0.9822872507286887,-0.9177546256839811,0.08810232413612723
0.9685831611286313,-0.9602936856769431,0.03987346947713862
0.9510565162951538,-0.9876883405951375,0.06704947263412976
0.9297764858882515,-0.9995065603657317,-0.07838842369223957
0.9048270524660195,-0.9955619646030799,-0.12719639765867094
0.8763066800438635,-0.9759167619387475,0.11229929542672941
0.844327925502015,-0.9408807689542253,-0.18775841742295585
0.8090169943749476,-0.8910065241883678,-0.12561774402370152
0.7705132427757894,-0.8270805742745619,0.0002146544580934023
0.7289686274214119,-0.7501110696304601,0.036451771882109206
0.6845471059286888,-0.6613118653236523,-0.09544349245461003
0.6374239897486897,-0.5620833778521308,-0.036669375574385044
0.5877852522924731,-0.45399049973954697,-0.20119239930813615
0.5358267949789965,-0.3387379202452915,0.0015875319941595523
0.48175367410171516,-0.21814324139654248,0.058208352447805256
0.4257792915650725,-0.09410831331851403,-0.020661007260508516
0.36812455268467814,0.031410759078127876,-0.17838042124133752
0.30901699437494756,0.15643446504023062,0.16037098547745257
0.24868988716485485,0.2789911060392292,-0.11431821732385371
0.18738131458572457,0.39714789063478073,-0.029446048547745626
0.1253332335643041,0.5090414157503715,0.0004682136185974934
0.06279051952931358,0.612907053652976,0.02546137829555503
1.2246467991473532e-16,0.7071067811865474,-0.03576106090221465
-0.06279051952931333,0.7901550123756904,0.037802725200783205
-0.1253332335643043,0.8607420270039436,0.009407101537751802
-0.18738131458572435,0.9177546256839808,-0.01872376045289424
-0.24868988716485463,0.9602936856769431,-0.07986780059745052
-0.30901699437494734,0.9876883405951375,-0.052674137037235724
-0.368124552684678,0.9995065603657317,-0.07114540103738941
-0.4257792915650727,0.9955619646030799,0.13933176515390636
-0.4817536741017154,0.9759167619387475,-0.1431909318416497
-0.5358267949789968,0.940880768954225,0.07580823517711198
-0.5877852522924729,0.8910065241883676,-0.09886266726752904
-0.6374239897486896,0.8270805742745619,0.15805418103485763
-0.6845471059286887,0.7501110696304603,-0.04084922903876539
-0.7289686274214114,0.661311865323653,0.07416984333248162
-0.7705132427757895,0.5620833778521295,-0.13558899334286992
-0.8090169943749475,0.4539904997395463,0.13675740134846043
-0.8443279255020153,0.3387379202452916,0.07755956585468307
-0.8763066800438635,0.21814324139654345,-0.16715220742353365
-0.9048270524660196,0.09410831331851238,0.03981727589527301
-0.9297764858882515,-0.03141075907812952,-0.03987901830496582
-0.9510565162951535,-0.1564344650402314,0.012544457305935647
-0.9685831611286313,-0.2789911060392291,0.10181055943051315
-0.9822872507286887,-0.3971478906347798,0.12135586135288563
-0.9921147013144777,-0.5090414157503699,0.04198972394031786
-0.9980267284282717,-0.6129070536529746,0.01840374165674242
-1.0,-0.7071067811865479,0.12964120002028354
-0.9980267284282717,-0.7901550123756903,-0.22276209432686633
-0.9921147013144777,-0.8607420270039431,-0.14093789707961082
-0.9822872507286888,-0.9177546256839804,-0.029519652729559632
-0.9685831611286312,-0.9602936856769435,0.13492304862231277
-0.9510565162951538,-0.9876883405951378,0.035796293173532244
-0.9297764858882512,-0.9995065603657317,-0.01946062091332061
-0.9048270524660195,-0.99556196460308,-0.0039271074334163115
-0.8763066800438633,-0.9759167619387471,-0.16160897407579244
-0.844327925502015,-0.940880768954225,-0.07468791126121674
-0.8090169943749477,-0.8910065241883676,0.08003563052896386
-0.7705132427757891,-0.827080574274562,0.003298122429874405
-0.7289686274214117,-0.7501110696304603,0.019899847769530382
-0.684547105928689,-0.6613118653236532,-0.10579876489033853
-0.6374239897486902,-0.5620833778521325,0.10058263608134205
-0.5877852522924732,-0.4539904997395464,0.07343863543013728
-0.535826794978997,-0.3387379202452917,-0.08991015786206275
-0.48175367410171527,-0.2181432413965436,0.024821090201181485
-0.425779291565073,-0.09410831331851605,0.03190650613216512
-0.36812455268467786,0.031410759078129395,0.021382576293971455
-0.3090169943749477,0.15643446504023126,-0.08318924503282715
-0.24868988716485452,0.278991106039229,0.15299024878845505
-0.1873813145857247,0.3971478906347797,-0.11677402389335881
-0.12533323356430467,0.5090414157503698,0.011557954439142157
-0.06279051952931326,0.6129070536529773,-0.042135793779407356
-2.4492935982947064e-16,0.7071067811865479,-0.06454735286164053
0.06279051952931365,0.7901550123756903,0.10188860711066156
0.12533323356430418,0.8607420270039431,-0.0693706828001567
0.1873813145857251,0.9177546256839818,-0.1072308847756641
0.24868988716485493,0.9602936856769435,-0.01394371957181074
0.30901699437494723,0.9876883405951378,0.23180309938190607
0.3681245526846774,0.9995065603657317,-0.07155697155402492
0.4257792915650726,0.99556196460308,0.22280316933659627
0.4817536741017149,0.9759167619387479,0.04889076448480365
0.5358267949789967,0.9408807689542251,0.08880627787265133
0.5877852522924728,0.8910065241883676,-0.10653864011244785
0.6374239897486899,0.8270805742745622,-0.11551126107128634
0.6845471059286886,0.7501110696304604,-0.012505210098797504
0.7289686274214113,0.6613118653236533,-0.007407802928908732
0.7705132427757894,0.5620833778521297,0.07526027376135684
0.8090169943749473,0.4539904997395465,-0.04202423800104483
0.8443279255020153,0.3387379202452918,0.007527283503177575
0.8763066800438635,0.2181432413965437,-0.00013788781509628325
0.9048270524660196,0.09410831331851263,0.06455529042438497
0.9297764858882515,-0.03141075907812928,0.010537969426651196
0.9510565162951535,-0.15643446504023115,-0.05715708424157695
0.9685831611286312,-0.2789911060392289,0.058298228036236334
0.9822872507286887,-0.39714789063477957,-0.05113023586352577
0.9921147013144777,-0.5090414157503695,0.035478879035274566
0.9980267284282717,-0.6129070536529772,-0.06337033978126791
0.9999999999999999,-0.7071067811865477,-0.007526022429257423
0.9980267284282717,-0.7901550123756902,0.019329958469139208
0.9921147013144777,-0.860742027003943,-0.025231193274923732
0.9822872507286886,-0.9177546256839817,0.030109226569551725
0.9685831611286313,-0.9602936856769435,-0.024737659621311924
0.9510565162951538,-0.9876883405951377,0.005462828027825814
0.9297764858882516,-0.9995065603657318,0.07432725316792316
0.9048270524660191,-0.9955619646030797,-0.09778832161094643
0.8763066800438634,-0.9759167619387472,0.05997342187787245
0.8443279255020151,-0.9408807689542251,0.10236151353190422
0.8090169943749477,-0.8910065241883676,0.14165511917747817
0.7705132427757886,-0.8270805742745602,-0.05924673108326045
0.7289686274214111,-0.7501110696304581,0.022897255136703057
0.6845471059286884,-0.6613118653236507,-0.05045859694406368
0.6374239897486896,-0.5620833778521298,-0.17347489553269235
0.5877852522924732,-0.4539904997395466,0.06316309162102096
0.5358267949789955,-0.3387379202452886,-0.042678310676394965
0.4817536741017146,-0.21814324139654034,0.005432526333185579
0.4257792915650723,-0.09410831331851276,-0.04222258689306858
0.36812455268467803,0.03141075907812915,0.08361778864115954
0.30901699437494784,0.15643446504023104,0.0060702618518178614
0.24868988716485554,0.2789911060392288,0.09207311159797164
0.1873813145857257,0.39714789063477945,0.010789138855910707
0.12533323356430567,0.5090414157503694,-0.03571896199571294
0.06279051952931337,0.612907053652977,0.17080794022588242
3.6739403974420594e-16,0.7071067811865477,0.15244363909100667
-0.06279051952931267,0.7901550123756901,-0.05356522121795857
-0.12533323356430318,0.860742027003943,0.0982179621669686
-0.18738131458572324,0.9177546256839803,-0.01639693341835402
-0.2486898871648548,0.9602936856769435,-0.3417420203569198
-0.30901699437494706,0.9876883405951377,0.0019903862606080736
-0.3681245526846773,0.9995065603657318,-0.02044000812288206
-0.42577929156507166,0.99556196460308,-0.013265521341694238
-0.48175367410171555,0.9759167619387472,0.0397706161155225
-0.5358267949789965,0.9408807689542252,0.1410418047099275
-0.5877852522924728,0.8910065241883677,-0.2607068380252166
-0.6374239897486891,0.8270805742745623,-0.0335191028057229
-0.6845471059286892,0.7501110696304583,-0.13202510569581868
-0.7289686274214119,0.6613118653236508,-0.010518003457215003
-0.7705132427757894,0.5620833778521299,-0.006534467179842159
-0.8090169943749473,0.4539904997395467,0.025461053515808255
-0.8443279255020156,0.3387379202452887,0.020943948915711857
-0.8763066800438638,0.21814324139654045,-0.025124728245151346
-0.9048270524660195,0.09410831331851288,-0.1099286649470319
-0.9297764858882513,-0.03141075907812903,-0.06741443388791199
-0.9510565162951535,-0.1564344650402309,0.08228723036337446
-0.9685831611286315,-0.27899110603923205,-0.052280089542048803
-0.9822872507286888,-0.3971478906347826,0.12651137677919666
-0.9921147013144777,-0.5090414157503724,0.007835221799066013
-0.9980267284282716,-0.6129070536529769,0.12277676113679288
-0.9999999999999999,-0.7071067811865501,-0.08594913580259637
-0.9980267284282717,-0.7901550123756901,-0.16007434392942232
-0.9921147013144778,-0.8607420270039429,-0.12084437541069543
-0.982287250728689,-0.9177546256839801,-0.10229364667844681
-0.9685831611286313,-0.9602936856769434,-0.08301628027717056
-0.9510565162951538,-0.9876883405951377,-0.06854273014904942
-0.9297764858882516,-0.9995065603657317,-0.009138860301019475
-0.9048270524660199,-0.99556196460308,-0.04469873410273671
-0.8763066800438643,-0.975916761938748,-0.009181009233975367
-0.8443279255020151,-0.9408807689542252,0.052086303200792765
-0.8090169943749478,-0.8910065241883677,-0.158377108388156
-0.7705132427757898,-0.8270805742745624,-0.006823894743124637
-0.7289686274214123,-0.7501110696304607,-0.08734157252184092
-0.6845471059286885,-0.6613118653236508,-0.03439656899248315
-0.6374239897486897,-0.56208337785213,-0.057889633611488835
-0.5877852522924734,-0.45399049973954686,0.05411459688921764
-0.5358267949789972,-0.3387379202452922,-0.02146350268004367
-0.48175367410171466,-0.21814324139654057,-0.06006787164622915
-0.42577929156507244,-0.094108313318513,-0.11353835063860052
-0.3681245526846781,0.03141075907812891,-0.05497498646212745
-0.30901699437494795,0.15643446504023079,-0.07112526872321843
-0.24868988716485566,0.2789911060392285,-0.15902447986466955
-0.1873813145857241,0.39714789063478245,-0.11710464489003214
-0.12533323356430404,0.5090414157503723,0.11856425246652183
-0.0627905195293135,0.6129070536529769,0.12356347657634875
-4.898587196589413e-16,0.7071067811865475,0.12869420667872455
0.0627905195293143,0.7901550123756922,-0.15797641679837537
0.1253332335643048,0.8607420270039446,0.1329691007265654
0.18738131458572485,0.9177546256839816,-0.03837620677105613
0.24868988716485468,0.9602936856769434,0.0070858645532800805
0.3090169943749487,0.9876883405951382,0.06466194472191017
0.36812455268467886,0.9995065603657319,-0.012685131302397464
0.42577929156507316,0.9955619646030797,-0.1767500750288512
0.48175367410171543,0.9759167619387472,-0.10107577109747257
0.535826794978995,0.9408807689542266,0.06152833528997366
0.5877852522924727,0.8910065241883678,0.058755153411224365
0.6374239897486891,0.8270805742745624,0.10677806037891757
0.6845471059286878,0.7501110696304607,-0.17480567036772043
0.7289686274214106,0.6613118653236536,0.06257393149283196
0.7705132427757893,0.5620833778521301,-0.1778721275064834
0.8090169943749472,0.45399049973954697,-0.04313261267885796
0.8443279255020146,0.3387379202452923,0.016991812101901548
0.8763066800438629,0.21814324139654417,-0.11437204882213375
0.9048270524660195,0.09410831331851312,-0.1146711918130134
0.9297764858882513,-0.031410759078128785,0.08470171806866568
0.9510565162951535,-0.15643446504023065,-0.05860927629420424
0.968583161128631,-0.2789911060392284,0.1414802181318605
0.9822872507286888,-0.3971478906347824,-0.01603440263730063
0.9921147013144777,-0.5090414157503722,0.025377600428152642
0.9980267284282716,-0.6129070536529768,-0.1418606438628712
0.9999999999999998,-0.7071067811865474,-0.02299267806361869
0.9980267284282716,-0.7901550123756899,-0.10121035212283865
0.9921147013144777,-0.8607420270039445,0.05209456680836821
0.9822872507286887,-0.9177546256839815,0.05821527472597985
0.9685831611286313,-0.9602936856769433,0.06852281077101133
0.9510565162951539,-0.9876883405951375,-0.2548685854456834
0.929776485888251,-0.9995065603657318,-0.10022595206499817
0.9048270524660192,-0.9955619646030798,-0.08167159799826391
0.8763066800438635,-0.9759167619387473,-0.16388974533422107
0.8443279255020153,-0.9408807689542255,0.0013451001746697965
0.8090169943749469,-0.8910065241883662,-0.07749449831073527
0.7705132427757888,-0.8270805742745605,-0.13526089603766409
0.7289686274214113,-0.7501110696304585,0.11419050854350975
0.6845471059286886,-0.661311865323651,0.09388339829058882
0.6374239897486899,-0.5620833778521301,0.11790525542317785
0.5877852522924736,-0.4539904997395471,0.02975048360100982
0.5358267949789974,-0.33873792024529237,-0.1066447266361928
0.48175367410171643,-0.21814324139654429,-0.032671236560295705
0.42577929156507416,-0.09410831331851677,-0.09569444984797791
0.3681245526846782,0.03141075907812867,0.04936897575607488
0.30901699437494806,0.15643446504023054,0.15758946710511487
0.24868988716485574,0.2789911060392283,-0.02834817552873103
0.18738131458572593,0.397147890634779,-0.059454242707818676
0.12533323356430415,0.5090414157503722,0.0001700366532881803
0.06279051952931362,0.6129070536529739,-0.07763992080918025
6.123233995736766e-16,0.7071067811865448,-0.005474960481707724
-0.06279051952931242,0.7901550123756876,0.10200832591783177
-0.12533323356430293,0.8607420270039408,0.06820976401233961
-0.18738131458572474,0.9177546256839814,-0.11747047296503577
-0.24868988716485457,0.9602936856769433,-0.057680715484137335
-0.30901699437494856,0.9876883405951375,0.05503084788180434
-0.36812455268467875,0.9995065603657317,-0.05976313106864667
-0.42577929156507305,0.99556196460308,0.1078521770807201
-0.48175367410171527,0.9759167619387481,0.06489657983474949
-0.5358267949789962,0.9408807689542266,0.12654079730866316
-0.5877852522924725,0.8910065241883696,-0.08556663332737402
-0.6374239897486889,0.8270805742745645,0.028130659030802432
-0.6845471059286876,0.7501110696304633,-0.044654792125741305
-0.7289686274214129,0.661311865323651,-0.1180296530639427
-0.7705132427757903,0.5620833778521303,0.06354145560125454
-0.8090169943749481,0.45399049973954714,-0.12744548557306598
-0.8443279255020155,0.3387379202452925,0.05158031603009934
-0.8763066800438637,0.21814324139654442,0.007909122517870818
-0.9048270524660195,0.09410831331851689,-0.1542661332980488
-0.9297764858882512,-0.031410759078124996,-0.16205376587440706
-0.9510565162951534,-0.1564344650402269,-0.006396181112792694
-0.968583161128631,-0.2789911060392248,-0.10646841196991147
-0.9822872507286892,-0.3971478906347822,0.09485999593313407
-0.992114701314478,-0.5090414157503721,0.05184893878390434
-0.9980267284282717,-0.6129070536529766,0.15242934215530227
-1.0,-0.7071067811865472,0.013743002202691824
-0.9980267284282717,-0.7901550123756897,0.10894491551409546
-0.9921147013144777,-0.8607420270039426,0.00962307090505161
-0.9822872507286887,-0.91775462568398,-0.01962817950187323
-0.9685831611286313,-0.9602936856769423,0.18134365521700824
-0.9510565162951539,-0.9876883405951371,-0.17438708906742142
-0.9297764858882503,-0.9995065603657318,-0.16571308224701234
-0.9048270524660185,-0.9955619646030798,-0.0475074289685192
-0.8763066800438626,-0.9759167619387473,-0.020195006054944842
-0.8443279255020143,-0.9408807689542255,0.018234482385779373
-0.8090169943749469,-0.891006524188368,0.07384979069105889
-0.7705132427757889,-0.8270805742745626,0.07770052565926314
-0.7289686274214114,-0.7501110696304609,-0.027799919335386114
-0.6845471059286887,-0.6613118653236538,0.025535807121106143
-0.63742398974869,-0.5620833778521334,-0.20315710458300973
-0.5877852522924737,-0.4539904997395504,0.009255959409773225
-0.5358267949789974,-0.3387379202452959,-0.07129698017769821
-0.48175367410171654,-0.218143241396548,-0.08279276300134453
-0.42577929156507427,-0.09410831331852056,-0.1394133034939866
-0.36812455268468,0.03141075907812132,-0.07866690076128742
-0.30901699437494984,0.1564344650402233,-0.07292941058988438
-0.24868988716485757,0.2789911060392212,0.0010822149594849123
-0.1873813145857278,0.3971478906347723,0.06632889777514693
-0.12533323356430426,0.5090414157503689,0.11362626034337407
-0.06279051952931375,0.6129070536529737,-0.008438023078496384
-7.347880794884119e-16,0.7071067811865447,-0.16495465676516075
0.06279051952931229,0.7901550123756875,0.23636187839785927
0.12533323356430282,0.8607420270039408,-0.03703285389963234
0.18738131458572288,0.9177546256839786,-0.11878478840811738
0.24868988716485274,0.9602936856769412,0.015152199211077272
0.30901699437494506,0.9876883405951364,-0.020825238934744084
0.3681245526846753,0.9995065603657314,-0.0711083574063134
0.42577929156507294,0.9955619646030801,-0.03094246250499845
0.48175367410171516,0.9759167619387481,-0.08687682969819184
0.5358267949789962,0.9408807689542267,-0.13708360675929765
0.5877852522924724,0.8910065241883697,0.08126436857305609
0.6374239897486887,0.8270805742745646,0.10521987640151238
0.6845471059286876,0.7501110696304634,0.030476339793606862
0.7289686274214103,0.6613118653236566,-0.16285785373734174
0.7705132427757879,0.5620833778521364,0.12871696663106955
0.8090169943749481,0.4539904997395474,-0.08012464276034151
0.8443279255020155,0.33873792024529276,0.060843713861726184
0.8763066800438637,0.21814324139654465,-0.1222177645405288
0.9048270524660195,0.09410831331851714,-0.0464070108659394
0.9297764858882512,-0.03141075907812475,-0.09014072416449291
0.9510565162951534,-0.15643446504022668,-0.14302030818719377
0.968583161128631,-0.2789911060392245,0.023520399822550494
0.9822872507286885,-0.3971478906347754,0.048020531130337926
0.9921147013144774,-0.5090414157503658,0.03358710520886968
0.9980267284282717,-0.6129070536529765,0.0016494465426638652
0.9999999999999999,-0.7071067811865471,-0.01693751928893816
0.9980267284282716,-0.7901550123756896,-0.008229621489110384
0.9921147013144778,-0.8607420270039425,0.009696212419737154
0.9822872507286887,-0.9177546256839799,0.08893057176736811
0.9685831611286314,-0.9602936856769422,-0.13621374160458416
0.951056516295154,-0.987688340595137,-0.10820420465144634
0.9297764858882518,-0.9995065603657315,-0.032882029479430044
0.9048270524660186,-0.9955619646030798,0.014465035504376014
0.8763066800438627,-0.9759167619387474,-0.11861127112018571
0.8443279255020144,-0.9408807689542256,-0.030457773565844393
0.809016994374947,-0.8910065241883681,0.06805091637855845
0.770513242775789,-0.8270805742745627,0.04115352307477503
0.7289686274214114,-0.7501110696304611,0.05728394852517238
0.6845471059286888,-0.661311865323654,-0.018022413558863956
0.6374239897486901,-0.5620833778521335,-0.043167647725710856
0.5877852522924737,-0.4539904997395507,0.07277390262307835
0.5358267949789945,-0.33873792024528954,0.09729939496588151
0.4817536741017135,-0.21814324139654132,0.014508836440507614
0.42577929156507116,-0.09410831331851373,0.03766620533766729
0.36812455268467675,0.03141075907812818,0.08235389648492177
0.30901699437494656,0.15643446504023006,-0.07069857028822525
0.24868988716485424,0.2789911060392278,-0.11183606226775417
0.18738131458572443,0.39714789063477857,0.07736369743154513
0.1253332335643044,0.5090414157503688,0.03726571767734263
0.06279051952931387,0.6129070536529735,0.03917625126470256
-2.6954609193973537e-15,0.7071067811865496,-0.03335220063609403
-0.0627905195293157,0.7901550123756917,0.0330262887323213
-0.12533323356430268,0.8607420270039406,-0.011264032427944189
-0.18738131458572274,0.9177546256839784,0.07692611989699469
-0.24868988716485263,0.9602936856769412,0.20389700049961743
-0.30901699437494495,0.9876883405951363,0.05074438191486749
-0.3681245526846752,0.9995065603657315,-0.06879573284341754
-0.4257792915650696,0.9955619646030808,-0.013055504840274058
-0.48175367410171505,0.9759167619387481,0.25283428247260836
-0.5358267949789961,0.9408807689542268,0.053406155063173325
-0.5877852522924724,0.8910065241883698,0.08540195291954555
-0.6374239897486886,0.8270805742745648,-0.1717811242589379
-0.6845471059286875,0.7501110696304636,0.102636531936142
-0.7289686274214102,0.6613118653236568,0.03876057688885448
-0.7705132427757878,0.5620833778521366,0.1053590823585866
-0.8090169943749459,0.4539904997395539,0.18253673831212788
-0.8443279255020135,0.33873792024529964,-0.11024337649364582
-0.8763066800438636,0.21814324139654487,-0.17178064070540308
-0.9048270524660192,0.09410831331851738,0.11307701701032002
-0.9297764858882511,-0.0314107590781245,0.10938818261261501
-0.9510565162951534,-0.15643446504022643,-0.11642289963955953
-0.968583161128631,-0.2789911060392243,-0.1282552143432736
-0.9822872507286884,-0.3971478906347752,0.06888132924731052
-0.9921147013144774,-0.5090414157503654,0.0722190187739748
-0.9980267284282714,-0.6129070536529706,0.0599996894268349
-0.9999999999999998,-0.7071067811865418,0.006530197219868457
-0.9980267284282716,-0.7901550123756894,-0.053315895257693584
-0.9921147013144778,-0.8607420270039423,-0.08135286318941831
-0.9822872507286887,-0.9177546256839798,0.00200500298255848
-0.9685831611286314,-0.9602936856769422,-0.09732136160137295
-0.951056516295154,-0.987688340595137,0.1030055355970414
-0.9297764858882518,-0.9995065603657316,-0.015753420909193665
-0.9048270524660201,-0.9955619646030806,0.07602615233851771
-0.8763066800438645,-0.975916761938749,0.04748008549130956
-0.8443279255020144,-0.9408807689542256,-0.0815339209225536
-0.809016994374947,-0.8910065241883682,0.03842232984767738
-0.770513242775789,-0.8270805742745629,0.18095003708951707
-0.7289686274214116,-0.7501110696304613,-0.0021016872628756796
-0.6845471059286888,-0.6613118653236543,-0.23661626117826862
-0.6374239897486901,-0.5620833778521338,0.0954416557099324
-0.5877852522924738,-0.45399049973955086,0.04445819373418428
-0.5358267949789977,-0.3387379202452964,-0.06100621800217326
-0.4817536741017167,-0.21814324139654848,0.1055223852816611
-0.42577929156507127,-0.09410831331851396,-0.07151576697109352
-0.3681245526846769,0.03141075907812794,0.01612812266197115
-0.30901699437494673,0.15643446504022981,0.0740386837239183
-0.2486898871648544,0.2789911060392276,-0.11880864164541632
-0.18738131458572455,0.39714789063477834,0.1163498486051003
-0.1253332335643045,0.5090414157503684,-0.013977711439543473
-0.062790519529314,0.6129070536529733,-0.0699450462545892
-9.797174393178826e-16,0.7071067811865442,-0.1013669526828161
0.06279051952931558,0.7901550123756915,0.043740477514702975
0.12533323356430612,0.8607420270039441,-0.2115402366702384
0.18738131458572613,0.9177546256839811,0.04999059807435086
0.2486898871648559,0.9602936856769431,-0.10245157970385606
0.3090169943749482,0.9876883405951375,0.0582866873104568
0.36812455268467836,0.9995065603657317,-0.06826984348543466
0.4257792915650727,0.9955619646030802,-0.021394030625358183
0.481753674101715,0.9759167619387482,0.05274074147704279
0.535826794978996,0.9408807689542268,-0.15634214931836202
0.5877852522924751,0.8910065241883667,-0.026908640977257477
0.6374239897486913,0.8270805742745609,0.009369345979828683
0.6845471059286901,0.750111069630459,0.05421300049644034
0.7289686274214127,0.6613118653236517,0.18890536009045536
0.77051324277579,0.5620833778521309,0.08796594038116318
0.809016994374948,0.45399049973954786,5.494693682318353e-05
0.8443279255020154,0.3387379202452932,-0.09658808173693059
0.8763066800438618,0.21814324139655206,-0.05871798113343081
0.9048270524660178,0.0941083133185247,0.09373913024537915
0.9297764858882511,-0.03141075907812426,0.013544433516215721
0.9510565162951534,-0.15643446504022618,-0.09714324268798302
0.968583161128631,-0.278991106039224,0.062272981579570647
0.9822872507286884,-0.39714789063477496,-0.19208465663266347
0.9921147013144774,-0.5090414157503653,-0.04304765442322664
0.9980267284282714,-0.6129070536529704,0.003227014872661021
0.9999999999999998,-0.7071067811865417,-0.11933791679039218
0.9980267284282718,-0.790155012375685,0.13847433497011638
0.9921147013144777,-0.8607420270039423,0.17816332965254272
0.9822872507286888,-0.9177546256839798,-0.035078967318051546
0.9685831611286315,-0.9602936856769422,-0.01312024279052681
0.951056516295154,-0.9876883405951369,-0.028224591448262382
0.9297764858882519,-0.9995065603657316,-0.03391300314063017
0.9048270524660201,-0.9955619646030806,-0.02445821228723927
0.8763066800438645,-0.975916761938749,0.06403494765239452
0.8443279255020164,-0.9408807689542281,-0.0812733141639696
0.8090169943749492,-0.8910065241883716,0.1938498038826567
0.7705132427757891,-0.827080574274563,-0.08586445269103266
0.7289686274214117,-0.7501110696304615,-0.05877082649405551
0.684547105928689,-0.6613118653236545,0.0428786255922751
0.6374239897486902,-0.5620833778521339,0.17796198229255547
0.5877852522924739,-0.45399049973955113,-0.055550598401009114
0.5358267949789978,-0.3387379202452967,-0.036384841074666205
0.4817536741017168,-0.2181432413965487,0.16641471312933095
0.4257792915650746,-0.09410831331852129,0.029701620625748756
0.36812455268467703,0.03141075907812769,0.024619217969880768
0.30901699437494684,0.1564344650402296,-0.13245023528059469
0.24868988716485452,0.27899110603922733,0.04116733573903925
0.18738131458572468,0.39714789063477807,-0.004493433092687792
0.12533323356430465,0.5090414157503682,-0.18335235851548815
0.06279051952931411,0.612907053652973,0.18858546664713674
1.102182119232618e-15,0.7071067811865441,-0.06821958687075103
-0.06279051952931193,0.7901550123756871,-0.11217769815839507
-0.12533323356430245,0.8607420270039404,0.017658771303740495
-0.187381314585726,0.917754625683981,0.09850125911104005
-0.2486898871648558,0.9602936856769431,0.19474153814270745
-0.3090169943749481,0.9876883405951374,-0.2267429117936553
-0.36812455268467825,0.9995065603657317,-0.023728634872524676
-0.4257792915650726,0.9955619646030802,0.3264741840931835
-0.4817536741017149,0.9759167619387483,-0.20100636766335414
-0.5358267949789959,0.9408807689542269,-0.020060087280417194
-0.5877852522924721,0.8910065241883699,-0.0333635146322324
-0.6374239897486885,0.827080574274565,-0.07007067827576706
-0.68454710592869,0.7501110696304591,0.07487968801320531
-0.7289686274214126,0.6613118653236518,0.18884303553622916
-0.77051324277579,0.5620833778521311,-0.024631569787824267
-0.8090169943749479,0.453990499739548,0.029011314831854138
-0.8443279255020153,0.3387379202452934,0.09734442597743283
-0.8763066800438635,0.21814324139654537,-0.09666214059451485
-0.9048270524660192,0.09410831331851788,0.2207446417105321
-0.929776485888251,-0.03141075907812402,-0.09097953274738946
-0.9510565162951544,-0.15643446504023295,-0.11412204596571221
-0.9685831611286319,-0.2789911060392306,-0.09708016211679436
-0.982287250728689,-0.39714789063478123,0.03183784745413977
-0.9921147013144779,-0.5090414157503712,0.020428482417183307
-0.9980267284282716,-0.6129070536529758,0.04381015344409711
-0.9999999999999999,-0.7071067811865466,-0.1595509511859947
-0.9980267284282716,-0.7901550123756891,-0.02803202133190401
-0.9921147013144777,-0.8607420270039422,-0.03477252770313855
-0.9822872507286888,-0.9177546256839796,-0.0017203866967253152
-0.9685831611286306,-0.960293685676944,-0.02790149217287847
-0.9510565162951541,-0.9876883405951369,-0.033135218550042304
-0.9297764858882519,-0.9995065603657316,-0.12047638380383825
-0.9048270524660202,-0.9955619646030804,0.10009872874842463
-0.8763066800438646,-0.9759167619387491,-0.09153439655676426
-0.8443279255020165,-0.9408807689542282,-0.2796807756403976
-0.8090169943749492,-0.8910065241883717,0.17912215905398343
-0.7705132427757915,-0.8270805742745672,0.16176390566407362
-0.7289686274214141,-0.7501110696304663,-0.0694287543102897
-0.6845471059286891,-0.6613118653236546,0.03528631705724962
-0.6374239897486903,-0.5620833778521341,-0.10595098053398688
-0.587785252292474,-0.4539904997395513,-0.024896470176224317
-0.5358267949789979,-0.33873792024529686,-0.1564092729848002
-0.48175367410171693,-0.21814324139654895,-0.05172828741489597
-0.4257792915650747,-0.09410831331852153,-0.1125060097634708
-0.3681245526846804,0.03141075907812034,0.0802118014011948
-0.3090169943749503,0.15643446504022232,-0.08987747549691683
-0.24868988716485463,0.2789911060392271,0.03480602809422126
-0.1873813145857248,0.3971478906347779,-0.12836859039100873
-0.12533323356430476,0.5090414157503681,-0.003897360217015912
-0.06279051952931423,0.6129070536529729,-0.00681989789085675
-1.2246467991473533e-15,0.7071067811865439,-0.08681810691885572
0.0627905195293118,0.7901550123756869,-0.2220089406712071
0.12533323356430234,0.8607420270039403,0.04982637635698542
0.1873813145857224,0.9177546256839781,0.026048695056143246
0.24868988716485227,0.960293685676941,-0.1572302040637446
0.309016994374948,0.9876883405951373,-0.06132216904796735
0.36812455268467814,0.9995065603657319,0.0016861315577998475
0.4257792915650725,0.9955619646030801,-0.06977784785595081
0.48175367410171477,0.9759167619387469,-0.08805381960598542
0.5358267949789958,0.940880768954227,0.07368550564791249
0.5877852522924749,0.8910065241883669,-0.12316534253647451
0.6374239897486884,0.8270805742745652,0.14282452520872999
0.6845471059286898,0.7501110696304594,-0.057163895228811115
0.72896862742141,0.6613118653236574,0.04640235905205564
0.7705132427757899,0.5620833778521312,-0.06605499744891229
0.8090169943749458,0.4539904997395546,-0.15203780959913935
0.8443279255020151,0.33873792024529364,-0.0024594891053154825
0.8763066800438616,0.21814324139655256,-0.11831616270041445
0.9048270524660191,0.09410831331851811,0.013877734983471222
0.9297764858882522,-0.031410759078130866,0.03513987512691566
0.9510565162951532,-0.1564344650402257,-0.03664635873562395
0.9685831611286317,-0.27899110603923044,0.046065413321018225
0.9822872507286883,-0.3971478906347745,0.11079136061025481
0.9921147013144778,-0.509041415750371,0.035151180741173786
0.9980267284282713,-0.61290705365297,0.06160413130507917
0.9999999999999999,-0.7071067811865464,0.07159772608293723
0.9980267284282713,-0.7901550123756934,0.12102681989335824
0.9921147013144777,-0.860742027003942,-0.032420602973952266
0.9822872507286882,-0.9177546256839824,-0.10793648513823312
0.9685831611286315,-0.960293685676942,-0.044253453426651816
0.951056516295153,-0.9876883405951379,0.1114683014920555
0.9297764858882519,-0.9995065603657315,0.11763079591021462
0.9048270524660188,-0.9955619646030799,-0.22033680584983195
0.8763066800438646,-0.9759167619387492,0.2130020450071887
0.8443279255020146,-0.9408807689542258,-0.005495481610429807
0.8090169943749451,-0.8910065241883652,-0.037467762170120926
0.7705132427757893,-0.8270805742745633,0.14021668771704773
0.7289686274214093,-0.750111069630457,0.08865777184816684
0.6845471059286891,-0.6613118653236548,-0.029415093825256006
0.6374239897486876,-0.5620833778521285,0.04031250545601142
0.5877852522924741,-0.4539904997395516,-0.21013357391474147
0.535826794978995,-0.3387379202452905,0.13243355078225705
0.481753674101717,-0.2181432413965492,-0.038814294911028904
0.4257792915650716,-0.0941083133185147,-0.08155340216909222
0.3681245526846739,0.0314107590781343,0.039400934227973854
0.30901699437494706,0.1564344650402291,0.06065706969165934
0.2486898871648513,0.27899110603923366,0.14753639322577355
0.18738131458572493,0.3971478906347776,0.09166585008766702
0.12533323356430137,0.509041415750374,-0.069051450103941
0.06279051952931436,0.6129070536529727,-0.08203275561638539
-2.2056021997384123e-15,0.7071067811865488,0.20105606790827815
-0.06279051952931168,0.7901550123756867,0.12748336768600074
-0.12533323356430573,0.8607420270039438,0.08746623799086511
-0.18738131458572924,0.9177546256839837,-0.0479732132962963
-0.2486898871648556,0.9602936856769428,0.03874080958027307
-0.3090169943749513,0.9876883405951385,-0.00760765476979374
-0.3681245526846781,0.9995065603657317,-0.030860914661800437
-0.4257792915650756,0.9955619646030796,0.016977345901119528
-0.48175367410171466,0.9759167619387483,0.14842777166734294
-0.5358267949789987,0.9408807689542247,-0.05271692602731314
-0.5877852522924719,0.8910065241883702,-0.012993089628084037
-0.6374239897486911,0.8270805742745613,0.09390954932140655
-0.6845471059286924,0.7501110696304548,0.08613542160881053
-0.7289686274214123,0.6613118653236522,-0.01388802367880174
-0.7705132427757921,0.5620833778521256,-0.12933028448738917
-0.8090169943749478,0.45399049973954847,-0.026601728021404026
-0.844327925502017,0.3387379202452872,-0.1900709572051384
-0.8763066800438634,0.21814324139654584,-0.15761937092324788
-0.9048270524660206,0.09410831331851129,-0.01373210983257451
-0.929776485888251,-0.031410759078123525,-0.0165305012490146
-0.9510565162951543,-0.1564344650402325,-0.08618690614584863
-0.9685831611286326,-0.278991106039237,0.013010350432284651
-0.982287250728689,-0.3971478906347808,0.1757215776414206
-0.9921147013144783,-0.509041415750377,0.006121104789365164
-0.9980267284282717,-0.6129070536529755,-0.027054551799187438
-0.9999999999999999,-0.7071067811865512,0.04422058784152295
-0.9980267284282717,-0.7901550123756889,0.2165442939080461
-0.9921147013144781,-0.8607420270039382,0.0013113680395202734
-0.9822872507286888,-0.9177546256839794,0.08233769320067785
-0.9685831611286325,-0.96029368567694,0.04958823841460942
-0.9510565162951541,-0.9876883405951368,0.09716111231280271
-0.9297764858882533,-0.9995065603657314,-0.13897699989824908
-0.9048270524660204,-0.9955619646030806,-0.06782694556177742
-0.8763066800438665,-0.9759167619387508,-0.09793625377764205
-0.8443279255020166,-0.9408807689542283,0.10129187728526806
-0.8090169943749514,-0.8910065241883751,0.06455549479354358
-0.7705132427757916,-0.8270805742745674,0.1115725217968608
-0.7289686274214119,-0.7501110696304619,0.16097816070847146
-0.6845471059286918,-0.6613118653236603,-0.06684706177004987
-0.6374239897486905,-0.5620833778521345,-0.06521041293317341
-0.587785252292477,-0.4539904997395581,0.02706331763286854
-0.535826794978998,-0.33873792024529736,0.03807167864433189
-0.4817536741017202,-0.21814324139655636,-0.17596837716665303
-0.4257792915650749,-0.09410831331852203,-0.16493532755341433
-0.36812455268468397,0.03141075907811275,-0.21809277995652324
-0.3090169943749505,0.15643446504022182,-0.026270522804974786
-0.24868988716485485,0.2789911060392266,-0.09254674415226882
-0.18738131458572854,0.3971478906347709,-0.05204440914156409
-0.125333233564305,0.5090414157503677,-0.07861987622999822
-0.06279051952931804,0.6129070536529669,0.05029133118094356
-1.4695761589768238e-15,0.7071067811865437,0.047210856288124055
0.062790519529308,0.7901550123756823,0.17527065617939852
0.1253332335643021,0.86074202700394,-0.035627607571444925
0.18738131458571866,0.9177546256839751,-0.002344690910048308
0.24868988716485205,0.9602936856769408,0.15557885862809406
0.3090169943749478,0.9876883405951373,0.009191875783642152
0.36812455268467464,0.9995065603657314,0.17060991658787206
0.42577929156507227,0.9955619646030802,-0.050925853634712165
0.48175367410171144,0.97591676193875,0.11441042802415305
0.5358267949789955,0.9408807689542271,-0.10280545110644511
0.587785252292469,0.8910065241883736,-0.01938582815406407
0.6374239897486883,0.8270805742745655,0.08384405178519237
0.6845471059286845,0.7501110696304691,0.16641889738306426
0.7289686274214099,0.6613118653236578,0.08291046536105728
0.7705132427757898,0.5620833778521317,0.0673382730567018
0.8090169943749456,0.453990499739555,0.06066638359202558
0.844327925502015,0.3387379202452941,-0.15494257172932077
0.8763066800438615,0.218143241396553,-0.10391749843245826
0.904827052466019,0.09410831331851861,0.10433470653874953
0.9297764858882496,-0.03141075907811618,0.09601161712827616
0.9510565162951532,-0.15643446504022523,0.013527225655046339
0.9685831611286316,-0.27899110603922994,0.09511060057802005
0.9822872507286883,-0.39714789063477407,0.016469023191107674
0.9921147013144779,-0.5090414157503705,0.03663475533077356
0.9980267284282714,-0.6129070536529696,-0.012013974306838877
0.9999999999999999,-0.707106781186546,0.07580215990262727
0.9980267284282718,-0.7901550123756843,0.11696434426956424
0.9921147013144778,-0.8607420270039418,-0.031117024069865568
0.9822872507286895,-0.9177546256839765,-0.08894913884031876
0.9685831611286315,-0.9602936856769417,0.04284706809280395
0.951056516295153,-0.9876883405951379,0.15698780572026605
0.929776485888252,-0.9995065603657315,0.031020918660458405
0.9048270524660188,-0.9955619646030799,-0.045958308868865136
0.8763066800438647,-0.9759167619387492,-0.09954230167444862
0.8443279255020147,-0.940880768954226,-0.20066818841338524
0.8090169943749494,-0.8910065241883719,-0.10346166715886883
0.7705132427757894,-0.8270805742745636,0.152217604518037
0.7289686274214143,-0.7501110696304668,0.020683933665939094
0.6845471059286893,-0.6613118653236552,0.005673464297071308
0.6374239897486879,-0.5620833778521289,0.019472567940925313
0.5877852522924742,-0.45399049973955197,-0.1741032426313618
0.5358267949789951,-0.33873792024529087,0.1215279567959122
0.4817536741017172,-0.21814324139654967,-0.1393699683210424
0.4257792915650718,-0.09410831331851519,0.07148080553544975
0.3681245526846808,0.031410759078119604,-0.00910193155505022
0.3090169943749473,0.1564344650402286,0.029699992685596612
0.24868988716485843,0.2789911060392196,0.1409741214530047
0.18738131458572516,0.39714789063477723,-0.12410057835342586
0.1253332335643016,0.5090414157503735,-0.13675700041412253
0.06279051952931461,0.6129070536529723,-0.08197045032766921
-1.9606728399089416e-15,0.7071067811865485,-0.21050176261217182
-0.06279051952931143,0.7901550123756864,-0.10883915553523438
-0.1253332335643055,0.8607420270039435,-0.08371841267259086
-0.18738131458572205,0.9177546256839778,0.1610241215316719
-0.24868988716485532,0.9602936856769428,-0.12636755623691787
-0.30901699437494423,0.9876883405951362,0.059407361541625875
-0.3681245526846778,0.9995065603657317,0.15911491318176446
-0.4257792915650754,0.9955619646030796,0.06062607579355013
-0.4817536741017145,0.9759167619387484,-0.004381141830018921
-0.5358267949789985,0.9408807689542249,0.11929376854098006
-0.5877852522924718,0.8910065241883705,-0.00336838039353588
-0.637423989748691,0.8270805742745616,-0.06832694778617815
-0.6845471059286871,0.7501110696304645,0.028474504702664223
-0.7289686274214122,0.6613118653236526,0.08173058075038686
-0.7705132427757919,0.562083377852126,0.00453638642537101
-0.8090169943749477,0.4539904997395489,0.029813417289354566
-0.8443279255020169,0.3387379202452877,0.02795577756174272
-0.8763066800438633,0.2181432413965463,0.09706880636590819
-0.9048270524660205,0.09410831331851177,0.09024435146385801
-0.9297764858882509,-0.03141075907812303,-0.02050040023731241
-0.9510565162951542,-0.156434465040232,-0.0663615252789777
-0.9685831611286307,-0.27899110603922284,0.010946491722295497
-0.9822872507286889,-0.39714789063478034,0.12717778699294718
-0.9921147013144782,-0.5090414157503764,0.02673270569880917
-0.9980267284282717,-0.612907053652975,-0.1381374456787996
-0.9999999999999999,-0.7071067811865509,-0.03361449915127145
-0.9980267284282717,-0.7901550123756885,-0.040788409366577634
-0.9921147013144773,-0.8607420270039452,0.009000338351014797
-0.9822872507286888,-0.9177546256839793,-0.03436489086931044
-0.9685831611286307,-0.9602936856769437,-0.013169328687999832
-0.9510565162951542,-0.9876883405951368,-7.935175613749063e-05
-0.9297764858882508,-0.9995065603657317,0.03842712684496596
-0.9048270524660175,-0.9955619646030792,0.03237846076833622
-0.8763066800438631,-0.9759167619387478,0.0019431199764250737
-0.844327925502013,-0.9408807689542237,-0.11412680127554709
-0.8090169943749475,-0.8910065241883688,0.07653631291061057
-0.7705132427757873,-0.8270805742745597,0.00014296511345660256
-0.728968627421412,-0.7501110696304623,-0.0036143335052261716
-0.6845471059286867,-0.66131186532365,0.1164805610707666
-0.6374239897486906,-0.5620833778521349,-0.03617867717000982
-0.5877852522924715,-0.45399049973954586,0.015531375641647456
-0.5358267949789922,-0.33873792024528443,0.1377598112035949
-0.4817536741017142,-0.21814324139654298,0.01399033440885189
-0.4257792915650687,-0.09410831331850836,0.0013663991411352007
-0.3681245526846776,0.03141075907812647,0.02510525974490988
-0.309016994374944,0.15643446504023537,-0.08905362834143371
-0.2486898871648551,0.27899110603922617,0.018858624089616378
-0.1873813145857218,0.3971478906347835,0.039335625600452014
-0.12533323356430526,0.5090414157503672,0.07888734323610325
-0.0627905195293112,0.6129070536529777,0.15181688559234907
5.3909218387947074e-15,0.7071067811865532,0.04722315768612224
0.06279051952931484,0.7901550123756906,-0.024754222245589267
0.1253332335643089,0.860742027003947,0.005231940350508554
0.1873813145857254,0.9177546256839806,-0.0565268583646545
0.24868988716485177,0.9602936856769407,-0.07293889883777775
0.30901699437494073,0.9876883405951351,0.02349256863519747
0.3681245526846744,0.9995065603657314,-0.08147094848842135
0.42577929156507205,0.9955619646030802,0.0887349973957455
0.48175367410171127,0.9759167619387501,-0.24215454841907041
0.5358267949789954,0.9408807689542273,0.07055001139845123
0.5877852522924688,0.8910065241883738,-0.022731928424024505
0.6374239897486881,0.8270805742745657,-0.039600075615693266
0.6845471059286844,0.7501110696304694,0.02846303821302634
0.7289686274214098,0.661311865323658,-0.07250309562872752
0.7705132427757851,0.5620833778521439,0.04561544743511484
0.8090169943749455,0.45399049973955546,0.012133436760073538
0.8443279255020149,0.3387379202452946,0.10619069712356861
0.8763066800438614,0.2181432413965535,0.17674321058063883
0.9048270524660189,0.0941083133185191,0.019099971837545943
0.9297764858882495,-0.031410759078115684,0.040232543339402405
0.9510565162951531,-0.15643446504022473,-0.08273064928226755
0.9685831611286299,-0.2789911060392158,-0.006367818045449905
0.9822872507286883,-0.3971478906347736,-0.16210101662866194
0.9921147013144769,-0.5090414157503579,-0.028516524767925988
0.9980267284282714,-0.6129070536529693,0.07872763125909414
0.9999999999999999,-0.7071067811865457,0.17033489522085932
0.9980267284282718,-0.7901550123756841,-0.014626200398655137
0.9921147013144779,-0.8607420270039414,0.04129191574737618
0.9822872507286896,-0.9177546256839763,0.08969260317479286
0.9685831611286316,-0.9602936856769417,0.1127968406097331
0.9510565162951553,-0.9876883405951355,0.001976361390090383
0.9297764858882521,-0.9995065603657315,0.006701604533013168
0.9048270524660219,-0.9955619646030813,-0.0420627305672242
0.8763066800438648,-0.9759167619387493,0.13530491078503637
0.8443279255020149,-0.9408807689542262,-0.04387111289743062
0.8090169943749497,-0.8910065241883722,0.09972034914573408
0.7705132427757896,-0.8270805742745638,-0.008486491423880218
0.7289686274214146,-0.7501110696304671,0.31345162577306707
0.6845471059286895,-0.6613118653236555,-0.08294216235552081
0.6374239897486935,-0.562083377852141,-0.030772044785948135
0.5877852522924746,-0.4539904997395524,0.08104988177819196
0.5358267949790014,-0.3387379202453047,-0.16166859914444515
0.4817536741017175,-0.21814324139655014,0.03790761131488167
0.42577929156507205,-0.09410831331851569,0.09861671121559146
0.36812455268468103,0.03141075907811912,-0.08272879227027724
0.3090169943749475,0.15643446504022815,0.020463879463989955
0.24868988716485865,0.2789911060392191,-0.15804085798675926
0.1873813145857254,0.3971478906347768,-0.19851838036741482
0.1253332335643089,0.5090414157503609,0.0327980014689638
0.06279051952931484,0.6129070536529719,-0.0920466692626708
5.3896838775215305e-15,0.707106781186538,0.03212982665140533
-0.0627905195293112,0.7901550123756862,0.001875708530382243
-0.12533323356430526,0.8607420270039432,-0.06086748085790005
-0.1873813145857218,0.9177546256839776,-0.03754264478808145
-0.2486898871648551,0.9602936856769426,-0.17698739960619542
-0.309016994374944,0.9876883405951361,0.14639511296373328
-0.3681245526846776,0.9995065603657316,0.02828949780767781
-0.4257792915650687,0.995561964603081,-0.1216681939685656
-0.4817536741017142,0.9759167619387487,-0.01375711028053715
-0.5358267949789982,0.940880768954225,0.03414859646352397
-0.5877852522924715,0.8910065241883707,0.05303194921327347
-0.6374239897486906,0.8270805742745619,-0.07512181294769457
-0.6845471059286867,0.7501110696304648,-0.07461198604041666
-0.728968627421412,0.6613118653236529,-0.09399608557630335
-0.7705132427757873,0.5620833778521381,-0.1517076626265849
-0.8090169943749475,0.4539904997395493,0.15488987716101815
-0.844327925502013,0.33873792024530147,-0.029510438966296966
-0.8763066800438631,0.2181432413965468,0.05686590434868502
-0.9048270524660205,0.09410831331851227,-0.07982881246309331
-0.9297764858882508,-0.031410759078122547,0.007794883496205145
-0.9510565162951542,-0.1564344650402315,-0.10884267538690406
-0.9685831611286307,-0.2789911060392224,0.07900676951847564
-0.9822872507286888,-0.3971478906347799,-0.009537583028113101
-0.9921147013144773,-0.5090414157503639,-0.12800923186884533
-0.9980267284282717,-0.6129070536529747,0.2184836590146671
-0.9999999999999999,-0.7071067811865405,-0.010782469143826648
-0.9980267284282717,-0.7901550123756883,0.05966773987131971
-0.9921147013144774,-0.860742027003945,0.04481835828450009
-0.9822872507286889,-0.917754625683979,-0.04425086785581522
-0.9685831611286307,-0.9602936856769436,-0.05838322107838361
-0.9510565162951542,-0.9876883405951367,0.15953935667052335
-0.9297764858882509,-0.9995065603657317,-0.013799091703985071
-0.9048270524660205,-0.9955619646030807,-0.18358448199173125
-0.8763066800438633,-0.9759167619387479,0.07893160623145853
-0.8443279255020169,-0.9408807689542287,0.07218394694845379
-0.8090169943749477,-0.8910065241883691,0.07854641085401544
-0.7705132427757875,-0.8270805742745599,0.09681549003045933
-0.7289686274214122,-0.7501110696304626,0.03060260567034245
-0.6845471059286871,-0.6613118653236504,0.09901927644696745
-0.637423989748691,-0.5620833778521354,-0.04811279971912244
-0.5877852522924718,-0.4539904997395463,0.031042649507988553
-0.5358267949789985,-0.3387379202452983,-0.0876699654254708
-0.4817536741017145,-0.21814324139654345,0.030600599830466126
-0.4257792915650754,-0.09410831331852298,0.06321778735716109
-0.3681245526846778,0.031410759078125974,0.009801724189268496
-0.30901699437494423,0.1564344650402349,0.023082315984194024
-0.24868988716485532,0.27899110603922567,0.018342192806755503
-0.18738131458572205,0.397147890634783,0.12705736962745204
-0.1253332335643055,0.5090414157503668,-0.1541271883184826
-0.06279051952931143,0.6129070536529774,0.2522892091243993
-1.959434878635765e-15,0.7071067811865429,0.05636919386872981
0.06279051952931461,0.7901550123756903,-0.07923908731564061
0.12533323356430864,0.8607420270039468,-0.12193815284589833
0.18738131458572516,0.9177546256839804,-0.09256022926702223
0.24868988716485843,0.9602936856769445,0.12001263084612053
0.3090169943749473,0.9876883405951371,0.04239627383098512
0.3681245526846808,0.9995065603657318,-0.009242896042817935
0.4257792915650718,0.9955619646030802,0.06560158716498936
0.4817536741017172,0.9759167619387471,-0.25641745516589637
0.5358267949789951,0.9408807689542275,0.07586933080142833
0.5877852522924742,0.8910065241883676,-0.12307410159714577
0.6374239897486933,0.8270805742745581,0.1298624492469219
0.6845471059286893,0.7501110696304603,-0.10141279864104097
0.7289686274214143,0.6613118653236477,-0.018950362198062537
0.7705132427757894,0.5620833778521325,0.07592097781404138
0.8090169943749494,0.45399049973954325,0.09847477348411822
0.8443279255020147,0.33873792024529503,0.006139193960301616
0.8763066800438647,0.21814324139654012,-0.033606389818588316
0.9048270524660188,0.09410831331851957,0.09980981386705279
0.929776485888252,-0.0314107590781294,0.1066362849886534
0.9510565162951552,-0.15643446504023828,0.006708840251703723
0.9685831611286315,-0.278991106039229,0.02321568571221455
0.9822872507286895,-0.39714789063478617,0.0905802606330616
0.9921147013144778,-0.5090414157503698,0.04575311537405482
0.9980267284282718,-0.6129070536529801,-0.15202981998246518
1.0,-0.7071067811865454,0.001541064946660997
0.9980267284282714,-0.7901550123756925,-0.1594917970926027
0.9921147013144779,-0.8607420270039413,-0.08495531048843318
0.9822872507286883,-0.9177546256839818,0.10899765911796072
0.96858316112863,-0.9602936856769455,-0.03486590572710165
0.9510565162951532,-0.9876883405951378,-0.10311828359107436
0.9297764858882496,-0.9995065603657319,-0.09839906517534687
0.904827052466019,-0.99556196460308,0.11283869067808619
0.876306680043865,-0.9759167619387494,-0.10922282631593778
0.8443279255020187,-0.9408807689542312,-0.15819401849079617
0.8090169943749498,-0.8910065241883725,-0.0962486349721644
0.7705132427757942,-0.8270805742745722,0.20530708986338475
0.7289686274214148,-0.7501110696304675,0.04829447243998927
0.6845471059286897,-0.6613118653236559,-0.13696018861463052
0.6374239897486937,-0.5620833778521415,0.0520767806313208
0.5877852522924747,-0.45399049973955286,0.0038381161946260942
0.5358267949790017,-0.3387379202453052,-0.06020016938032982
0.4817536741017177,-0.2181432413965506,-0.03726495544504158
0.4257792915650787,-0.09410831331853031,0.03985161914863974
0.36812455268468125,0.031410759078118626,-0.1371005576608731
0.3090169943749478,0.15643446504022765,0.07940703730008584
0.24868988716485893,0.2789911060392186,0.03256395806755695
0.18738131458572566,0.3971478906347763,0.09976536749110088
0.12533323356430914,0.5090414157503604,-0.07416843073064784
0.0627905195293151,0.6129070536529715,-0.11424928675181173
5.634613237351001e-15,0.7071067811865377,-0.044398799079125785
-0.06279051952931095,0.7901550123756858,0.2522643598792383
-0.12533323356429796,0.8607420270039358,-0.08062175687180692
-0.18738131458572155,0.9177546256839775,0.07819235150653557
-0.24868988716485485,0.9602936856769424,-0.041820078533973244
-0.3090169943749438,0.9876883405951361,-0.07800729513700218
-0.36812455268467736,0.9995065603657316,-0.062328831262648425
-0.4257792915650685,0.995561964603081,-0.05055830811269296
-0.481753674101714,0.9759167619387487,0.011014690696897835
-0.535826794978992,0.9408807689542299,0.11362978222500858
-0.5877852522924714,0.8910065241883709,-0.07538201482731148
-0.637423989748685,0.8270805742745702,0.07186559136835244
-0.6845471059286866,0.7501110696304653,-0.22679431008960568
-0.7289686274214119,0.6613118653236534,0.009569646118671872
-0.770513242775787,0.5620833778521386,0.07438749165788824
-0.8090169943749473,0.45399049973954975,0.016760205492655385
-0.8443279255020129,0.33873792024530197,-0.11780018892982852
-0.876306680043863,0.21814324139654725,0.041030955329385936
-0.9048270524660174,0.0941083133185269,-0.25822668600756987
-0.9297764858882508,-0.031410759078122054,0.13218049858450226
-0.951056516295152,-0.15643446504021702,0.011381717438815374
-0.9685831611286306,-0.27899110603922195,0.13602339800989172
-0.9822872507286888,-0.39714789063477945,0.3294516618450856
-0.9921147013144774,-0.5090414157503633,0.07613333673486221
-0.9980267284282717,-0.6129070536529743,-0.009655467330137994
-0.9999999999999999,-0.7071067811865401,0.0795330102554211
-0.9980267284282717,-0.7901550123756879,-0.09601191754839188
-0.9921147013144783,-0.8607420270039375,0.014951042412914468
-0.982287250728689,-0.9177546256839788,0.10492855451538204
-0.9685831611286326,-0.9602936856769395,0.1779820270344255
-0.9510565162951543,-0.9876883405951365,-0.12732002314508503
-0.929776485888251,-0.9995065603657318,0.08873905226578734
-0.9048270524660206,-0.9955619646030808,0.05399117328517677
-0.8763066800438634,-0.975916761938748,-0.2041177284742918
-0.844327925502017,-0.9408807689542289,-0.05251185316061603
-0.8090169943749478,-0.8910065241883693,0.08573982696396712
-0.7705132427757921,-0.8270805742745683,0.03287272485853221
-0.7289686274214123,-0.7501110696304629,-0.12771118406443116
-0.6845471059286872,-0.6613118653236508,0.017055782801435763
-0.6374239897486911,-0.5620833778521358,-0.08061714273236872
-0.5877852522924719,-0.4539904997395467,0.05949424874845225
-0.5358267949789987,-0.3387379202452987,0.19504124581101537
-0.48175367410171466,-0.21814324139654392,0.09787141043532106
-0.4257792915650756,-0.09410831331852348,0.0280610950038891
-0.3681245526846781,0.03141075907812549,-0.02017292744085935
-0.3090169943749513,0.15643446504022038,0.13161374847706128
-0.2486898871648556,0.2789911060392252,0.15152182131185019
-0.18738131458572227,0.3971478906347826,-0.05746072631881897
-0.12533323356430573,0.5090414157503663,0.11896671526495056
-0.06279051952931168,0.6129070536529769,-0.06421198354191776
-2.204364238465236e-15,0.7071067811865426,0.03991480311213881
0.06279051952931436,0.7901550123756901,0.01884901693273695
0.12533323356430137,0.8607420270039392,-0.20464127248364244
0.18738131458572493,0.9177546256839801,0.023426400212574403
0.2486898871648513,0.9602936856769404,-0.06540083474227913
0.30901699437494706,0.9876883405951371,-0.002369783327851579
0.36812455268468053,0.9995065603657319,0.030304149221753063
0.4257792915650716,0.9955619646030803,0.16551362199073108
0.481753674101717,0.9759167619387472,-0.04820459960322948
0.535826794978995,0.9408807689542276,0.11030574310521031
0.5877852522924741,0.8910065241883677,0.09509728489028582
0.6374239897486876,0.8270805742745663,0.12899686381550876
0.6845471059286891,0.7501110696304607,0.03792132601865365
0.7289686274214093,0.6613118653236588,0.09662054720957906
0.7705132427757893,0.5620833778521329,-0.10302144286964399
0.8090169943749493,0.4539904997395437,-0.04911890705540621
0.8443279255020146,0.33873792024529553,-0.0008465717920035332
0.8763066800438646,0.21814324139654057,-0.11428831052882751
0.9048270524660188,0.09410831331852007,-0.07013673268879819
0.9297764858882519,-0.03141075907812891,-0.12724101173868999
0.951056516295153,-0.15643446504022376,-0.043878624215901746
0.9685831611286315,-0.2789911060392285,0.07474228615246965
0.9822872507286882,-0.3971478906347727,0.07786296907311187
0.9921147013144777,-0.5090414157503693,0.11400694246898485
0.9980267284282718,-0.6129070536529797,-0.047676499327619616
0.9999999999999999,-0.707106781186545,-0.01002145546400781
0.9980267284282713,-0.7901550123756922,0.057324792631735455
0.9921147013144778,-0.8607420270039411,-0.0663664494206602
0.9822872507286883,-0.9177546256839816,0.011561781913813213
0.9685831611286317,-0.9602936856769414,0.03939452927100453
0.9510565162951532,-0.9876883405951377,-0.2368355657685183
0.9297764858882522,-0.9995065603657315,-0.06476368983389638
0.9048270524660191,-0.9955619646030801,0.00665098338281438
0.8763066800438616,-0.9759167619387465,-0.11012404848528895
0.8443279255020151,-0.9408807689542266,0.09819307580432543
0.8090169943749458,-0.8910065241883662,-0.04129392657327097
0.7705132427757899,-0.8270805742745644,-0.11279115355367414
0.72896862742141,-0.7501110696304584,-0.1398542707242195
0.6845471059286898,-0.6613118653236563,-0.02489638798967478
0.6374239897486884,-0.5620833778521301,0.024307137777019445
0.5877852522924691,-0.45399049973954064,-0.1991618376268277
0.5358267949789958,-0.3387379202452923,-0.08874879191799723
0.48175367410171166,-0.21814324139653724,-0.08689537112008101
0.4257792915650725,-0.09410831331851664,0.027478654152019052
0.36812455268467487,0.03141075907813234,-0.1425488826496366
0.309016994374948,0.15643446504022715,-0.0538772803513084
0.24868988716485227,0.2789911060392318,-0.0441777519524682
0.18738131458572588,0.39714789063477585,-0.16370205777052346
0.12533323356430234,0.5090414157503722,0.12962826053225626
0.06279051952930825,0.6129070536529824,0.10078102885365914
-1.22588476042053e-15,0.7071067811865474,0.005407557734068929
-0.06279051952931779,0.7901550123756942,-0.012918088519615109
-0.12533323356430476,0.8607420270039428,0.2238006602794613
-0.1873813145857283,0.9177546256839829,-0.004904901199234226
-0.24868988716485463,0.9602936856769423,-0.04291443438083828
-0.3090169943749503,0.9876883405951382,0.07593643204566931
-0.36812455268467714,0.9995065603657316,-0.1416914186337945
-0.4257792915650747,0.9955619646030798,0.04108503315578844
-0.48175367410172004,0.9759167619387458,-0.06511284789740504
-0.5358267949789979,0.9408807689542255,0.023442234264425196
-0.5877852522924711,0.8910065241883711,-0.12406421364148755
-0.6374239897486849,0.8270805742745704,-0.08157387130742448
-0.6845471059286865,0.7501110696304655,-0.23731756269222792
-0.7289686274214069,0.6613118653236644,-0.05635081632223896
-0.7705132427757869,0.562083377852139,-0.09503322260104723
-0.809016994374943,0.4539904997395629,0.12667483730854423
-0.8443279255020127,0.3387379202453024,0.14351209396285033
-0.8763066800438629,0.21814324139654775,0.022722450975804956
-0.9048270524660172,0.09410831331852738,-0.08072085142200129
-0.9297764858882506,-0.03141075907812157,-0.18375709781602811
-0.9510565162951519,-0.15643446504021652,-0.09648773154388064
-0.9685831611286306,-0.27899110603922145,-0.23622711844096209
-0.9822872507286875,-0.39714789063476597,-0.04401283382057761
-0.9921147013144772,-0.509041415750363,0.00814799763292935
-0.9980267284282711,-0.6129070536529626,-0.00988476530756639
-0.9999999999999998,-0.7071067811865398,0.08811407591846451
-0.9980267284282716,-0.7901550123756876,-0.00890896275900083
-0.9921147013144783,-0.8607420270039372,0.1281935300676848
-0.982287250728689,-0.9177546256839786,-0.19394790862131253
-0.9685831611286326,-0.9602936856769394,0.07176863935019762
-0.9510565162951544,-0.9876883405951365,-0.118564091117988
-0.9297764858882537,-0.9995065603657314,0.038450136465857085
-0.9048270524660208,-0.9955619646030808,0.008756775563519925
-0.8763066800438635,-0.9759167619387481,-0.12649820656622682
-0.8443279255020172,-0.940880768954229,-0.19615985622316148
-0.8090169943749479,-0.8910065241883696,0.14161534169131737
-0.7705132427757923,-0.8270805742745685,0.027766321754695802
-0.7289686274214126,-0.7501110696304633,-0.17141776284524504
-0.6845471059286925,-0.6613118653236617,0.1983911798821516
-0.6374239897486913,-0.5620833778521361,-0.053823144007069085
-0.5877852522924779,-0.4539904997395598,0.1358344824420109
-0.5358267949789989,-0.3387379202452992,-0.07104429347152569
-0.4817536741017149,-0.2181432413965444,-0.013793669395535746
-0.4257792915650758,-0.09410831331852397,-0.12910430700702677
-0.36812455268467825,0.031410759078124996,0.141858809706539
-0.30901699437495145,0.1564344650402199,-0.01758161015673899
-0.2486898871648558,0.2789911060392248,-0.03771757636536512
-0.18738131458572949,0.39714789063476913,-0.12946515590309168
-0.12533323356430598,0.509041415750366,-0.02698459020471518
-0.06279051952931901,0.6129070536529654,0.02131082303468449
